dosage_form_id,display_name,normalized_name
DOSE-019d1acfaf69f01c16267407,Blood bag,blood bag
DOSE-021624ecb7e008142371f6a5,Shampoo,shampoo
DOSE-03430c23066df1f25f6991b8,Dental Gel,dental gel
DOSE-036578132bb584ac6108d821,Vaginal Cream,vaginal cream
DOSE-03c6bb35a23379f1784ee299,Vaginal Tablet,vaginal tablet
DOSE-088052749bdf8ffdb4c4ab83,Hand Rub,hand rub
DOSE-0cdf30be9a2f2a8d44254430,Transdermal Patch,transdermal patch
DOSE-0dc63df5faaeb0e60cd08cd1,Eye Gel,eye gel
DOSE-1071dc8f1e4a3a73977af496,Eye & Nasal Drops,eye nasal drops
DOSE-122bd6142dfe21e956e30e2a,Medicated Bar,medicated bar
DOSE-1415e4c282b511b86f7b3a09,SC Injection,sc injection
DOSE-147e5482616d2c8314733ed6,Sached Powder,sached powder
DOSE-14a60a0a29dc35346c7a0f6d,Respirator Solution,respirator solution
DOSE-1582542688b03bd4caf949f4,Emulsion for infusion,emulsion for infusion
DOSE-15c6aea83a66feae2bb184d9,Ear Drop,ear drop
DOSE-18f65eff1f1b546ab6eaae57,Pour On (Solution),pour on solution
DOSE-1d67d735c6cd394a11d7fc49,Linctus,linctus
DOSE-1d967dcccbfb3df55c1fa632,Solution For Infusion,solution for infusion
DOSE-1ec6ebfaab515e91c4dad40a,Hfa Inhaler,hfa inhaler
DOSE-22faaf9c577e84b184c02d5e,Ophthalmic Emulsion,ophthalmic emulsion
DOSE-23ab063614f63ddeeccda7d8,M R Tablet,m r tablet
DOSE-23ca45bc4fcbd8d86db17cd1,Tincture,tincture
DOSE-23cf07cf02e563bedf6b2f12,Per Rectal,per rectal
DOSE-245b94e10414433ba2b1bdd9,Bolus,bolus
DOSE-269ded32de4314e80db070c0,Oral Saline,oral saline
DOSE-28133e736cfbe846f0662722,Intratracheal Suspension,intratracheal suspension
DOSE-2858b68772894c5e6e17e4ab,Long Acting Injection,long acting injection
DOSE-297befe070bc2c8cd6721c32,Scalp Solution,scalp solution
DOSE-2985e90fb6422da31c8ebb7d,Water For Injection,water for injection
DOSE-2b35349668827aa2c8a799c0,Cr Capsule,cr capsule
DOSE-2b8787e534ad542bd16f261d,Oral Emulsion,oral emulsion
DOSE-2cb8418d32b0a31ddf395bfb,Solution Fo Root Cannel,solution fo root cannel
DOSE-2cf8407a262e14761becb1bb,IM Injection,im injection
DOSE-2f6c133200c5034888611ffd,Raw Materials,raw materials
DOSE-2fe840e13244a9d748883574,Gas,gas
DOSE-30347c11b5075baf80e0564c,Orodispersible Tablet,orodispersible tablet
DOSE-3421487d72a06777b7a20b5d,Water Soluble Powder,water soluble powder
DOSE-355cf1a5f969bae73e724a0f,Er Capsule,er capsule
DOSE-35a148ae3d481f5de2cceca8,Oral Suspension,oral suspension
DOSE-367199a3de04eede0d420556,Capsule (Extended Release),capsule extended release
DOSE-3a532c071429da5679330509,Vaginal Gel,vaginal gel
DOSE-3e089049327657218379ca9a,Oral Soluble Film,oral soluble film
DOSE-3e46c8846ec5016c238d9f68,Gum,gum
DOSE-3ecc219798f9ead3e8f65c18,Nasal Drops,nasal drops
DOSE-41ce1734247826796a68d431,Eye and Ear Ointment,eye and ear ointment
DOSE-42110162e06395fd53647c77,Liquid,liquid
DOSE-430ec1309c76ec18f9a3405a,Ophthalmic Suspension,ophthalmic suspension
DOSE-4549f6e7f08ab27b640a4d4b,IV Infusion,iv infusion
DOSE-45cab2ccb6c37655371a8fc2,Powder for Solution,powder for solution
DOSE-45ff0d963454d59a5b7357da,Eye Drops,eye drops
DOSE-471bcf3ba0df253d3971bbb9,Drops,drops
DOSE-4775187339fbb52735798c62,Oral Gel,oral gel
DOSE-49445bc961f091bddfc86bf7,Mouth Wash Antiseptic,mouth wash antiseptic
DOSE-4a218bc4af44573e33c77f94,IV Injection,iv injection
DOSE-4c4043620833da51130a2ca8,Inhalation Solution,inhalation solution
DOSE-4ca312ce0e64b01576d9be55,Oral Drops,oral drops
DOSE-4de50a1ad90a7a3889d84f5c,Oral Solution,oral solution
DOSE-4f190cf4482aa7e1de85a352,Tablet (Sustained Release),tablet sustained release
DOSE-4f42999ba3123db3aa209160,Inhalation Capsule,inhalation capsule
DOSE-4f549f72f9e1206ad0c0e58e,Ors Tablet,ors tablet
DOSE-510e54361d353a43472f2a21,Aerosol Inhalation,aerosol inhalation
DOSE-5119963c5a8b97ac0d61bcd1,IM/IA Injection,im ia injection
DOSE-52000a967fb74bd10c85da6b,OROS Tablet,oros tablet
DOSE-5202c3eff81556a75f4a7932,Granules For Suspension,granules for suspension
DOSE-52a80250e4595e7d2fdefc6b,Dispersible Tablet,dispersible tablet
DOSE-52fcde4aa54ab8c4013e98ce,Tablet (Delayed Release),tablet delayed release
DOSE-53853810234f800f18659df0,Cr Tablet,cr tablet
DOSE-53d7216af44a4547e63215bd,Scalp Lotion,scalp lotion
DOSE-545a70019936cf8874418513,Injection,injection
DOSE-5617db8e6a5af9d820054a34,Ophthalmic Solution,ophthalmic solution
DOSE-56689c5ee4d78a8d6f3ac0f6,Pr Tablet,pr tablet
DOSE-576c1c07595724486e1c3912,Tablet (Prolonged Release),tablet prolonged release
DOSE-57a15057fdbbaa8fdf5fdbf9,Pellets,pellets
DOSE-597c1a1e38bfbc7763ed1e30,Chewing Gum Tablet,chewing gum tablet
DOSE-59ecf1c204411bc69b018e8a,Effervescent Granules,effervescent granules
DOSE-5a53b38d02d7468fe24c77ed,Eye Ointment,eye ointment
DOSE-5a7ad3eb89c8b9f95c28cef5,Rectal Saline,rectal saline
DOSE-5bed85bd69a5502a8f645a58,Tablet,tablet
DOSE-5cb56dfb2c7835768efc82bd,Chewable Tablet,chewable tablet
DOSE-5dc258895445f66912e4d452,Sr Capsule,sr capsule
DOSE-5dc83a7756785e724e5054e8,Inhaler,inhaler
DOSE-60a15d737c6cd37ed60a0b5e,Nail Lacquer,nail lacquer
DOSE-60c6abbfd0f146f9cd5173e7,Elixir,elixir
DOSE-612a40d3bc96b301c10cc20c,Respirator Suspension,respirator suspension
DOSE-615adb5a590198dbf5f56b5a,Effervescent Powder,effervescent powder
DOSE-62b81e10f049a0b757e4249a,Lotion,lotion
DOSE-62ebdff0f631253562b6c71d,Tablet (Modified Release),tablet modified release
DOSE-662192741e4863bd38f3782d,Muscle Rub,muscle rub
DOSE-68b2fa644b815d29175b04f9,Tablet (Immediate Release),tablet immediate release
DOSE-68c3a51a11ec2982b25f97b0,Dialysis Solution,dialysis solution
DOSE-695fd87df1983e3f1170b493,Eye Solution,eye solution
DOSE-69d49622f9b463a9cb33a086,Liquid Cleanser Soap,liquid cleanser soap
DOSE-6a0e2ca5006bf18ca37fe6e4,Scalp Ointment,scalp ointment
DOSE-6b3c1cb60eb94ed6c8b6bdda,Delayed Release Capsule,delayed release capsule
DOSE-6c3de0fc3a03d1aa892c31ce,Ointment,ointment
DOSE-6c632e6d0ee5c6e2d95806b9,IV Injection or Infusion,iv injection or infusion
DOSE-6cfb5c754ed25f7f88da0cb8,Intraspinal Injection,intraspinal injection
DOSE-6d251b99d57dca07f61d9185,Retard Tablet,retard tablet
DOSE-6e247d2f332576ea040a152d,Surgical Scrub,surgical scrub
DOSE-6e661154cdb606bcb5dbd772,Pvc Bag,pvc bag
DOSE-70a2e16618cfabe52f65b2bd,IM/IV Injection,im iv injection
DOSE-71c8bc4925f0e72f28069679,Extended Release Capsule,extended release capsule
DOSE-720b01ffa75ff3140beb0571,Oral Dental Gel,oral dental gel
DOSE-75850212cbad3c8411918815,Solution for Inhalation,solution for inhalation
DOSE-7a88fce5a313319ae98936bc,Er Tablet,er tablet
DOSE-7bdf035706e8bcb5382d728b,Cozycap,cozycap
DOSE-7cc61cf64cb5fdf7a7ef4701,Suppository,suppository
DOSE-804741682fc61996f4001809,Intra-articular Injection,intra articular injection
DOSE-826cb82dac3eb9e4c85207ca,Ophthalmic Ointment,ophthalmic ointment
DOSE-8270f2824111e04d9278c01a,Solution,solution
DOSE-82e8a5d388584e52a7344093,IM/SC Injection,im sc injection
DOSE-84614e9aabbd3200b08874e5,Dr Tablet,dr tablet
DOSE-84f474d96f0fae44417aa717,Viscoelastic Solution,viscoelastic solution
DOSE-86c3f183a9bffdb2273122a9,Root Canal Agent,root canal agent
DOSE-881df12b68cd344e83f6b83d,Capsule,capsule
DOSE-891d45a1c4c0f5b7e0fe0ad6,Powder for Injection,powder for injection
DOSE-89df1f5d5ccba0346a10c933,Sachet,sachet
DOSE-8a2152c84b7bacf2e58acdf5,Gargle & Mouth Wash,gargle mouth wash
DOSE-8b29d4784baa50643c973237,Mouth Wash,mouth wash
DOSE-8badebc1a77d3b5ce5c69f3a,Tablet (Enteric Coated),tablet enteric coated
DOSE-8bd9e72577d667fa0904125d,Oral Liquid,oral liquid
DOSE-8d6068582cd04b7d3a22d344,Capsule (Delayed Release),capsule delayed release
DOSE-91f5200a3496b9c1d31ba17a,Sr Tablet,sr tablet
DOSE-921de375fcd114733215e3fb,Emulgel,emulgel
DOSE-97b282ed6d4123be15fef5ff,Odt Tablet,odt tablet
DOSE-99a54c50ea80c1062fbbcedc,Eye Capsule,eye capsule
DOSE-9c662352618a7026a0fe6109,Syringe,syringe
DOSE-9cbabc1f7616b24838012650,Rectal Ointment,rectal ointment
DOSE-9ea70cb7e9d2878d4f4a85c7,Sublingual Tablet,sublingual tablet
DOSE-9f37fb1b4f1ac7961bec8990,Capsule (Controlled Release),capsule controlled release
DOSE-a120fd6cf77a9977d99ce3fe,Emulsion,emulsion
DOSE-a21400db19337fcd09002211,Sprinkle Capsule,sprinkle capsule
DOSE-a72ec25b677b956d1adf5427,Eye Cleanser Solution,eye cleanser solution
DOSE-a740aee4a9717e1bd967d6b4,Viscous Eye Drop,viscous eye drop
DOSE-a8ec822dbdab1bf35b121c64,Intravitreal Injection,intravitreal injection
DOSE-a8faa20a18d49aebf3d6a8e3,Dry Powder Inhaler,dry powder inhaler
DOSE-abc3eb4f7ffdbe2778285972,Intracameral Injection,intracameral injection
DOSE-ada0669f44a51a1c64659600,Repacking,repacking
DOSE-afdae161e25e77780f28afcd,Nebuliser Suspension,nebuliser suspension
DOSE-b0e6484943f7f4fb9bb33fe3,Tablet (Extended Release),tablet extended release
DOSE-b1ac925abd78d567db945a68,Syrup,syrup
DOSE-b4d552ba44ceb885dd3c5464,IV/SC Injection,iv sc injection
DOSE-b6f9d20ecc0d33937d587bec,Ocular Spray,ocular spray
DOSE-b93718468b21c7e5a752d022,Oral Paste,oral paste
DOSE-bb60738d58e9bcd51eb90a10,Needle for Syringe,needle for syringe
DOSE-bbedb83ec5e14332b4762a3e,Dr Granules For Suspension,dr granules for suspension
DOSE-bc02b81e8e39efb163cec750,"Eye, Ear & Nasal Drops",eye ear nasal drops
DOSE-bd2dcfb8d7f13d03a6307a16,Nasal Ointment,nasal ointment
DOSE-bfee9a68ad6b15bd3b88d7a7,Microgranules,microgranules
DOSE-c1eee6a4f1d5b08c7cbdc19c,Blood Tubing Set,blood tubing set
DOSE-c2b3607f907fc018a90aa72d,Capsule (Modified Release),capsule modified release
DOSE-c3863ec1e58a6a4dc8fa26f0,Implant,implant
DOSE-c92340e41db0d4447cc50255,Nasal Spray,nasal spray
DOSE-c98e278c4ae77a178e1e2697,Resperitory Solution,resperitory solution
DOSE-c98f5e4e6d52957e7a3e5850,Vaginal Pessary,vaginal pessary
DOSE-c997c988d92d79a81dd00fc8,Ophthalmic Gel,ophthalmic gel
DOSE-cbdddc4b40790d4449843426,Vaginal Suppository,vaginal suppository
DOSE-cca05d0d4ffbf160b08a602c,Nasal Drop,nasal drop
DOSE-cdc00f6c62a542af38ca0e64,Gel,gel
DOSE-ce30ed9bb3664645384b0a8d,Xr Tablet,xr tablet
DOSE-d1a5bcb551c533dd51358bea,Topical Spray,topical spray
DOSE-d2a4caff4b7bc101fdc53a49,Capsule (Sustained Release),capsule sustained release
DOSE-d2d0ab4f38fe3bbbc4a75d9a,Paediatric Drops,pediatric drops
DOSE-d51c9d7adf1b43e383e1c29d,Topical Solution,topical solution
DOSE-d6b9a7d58a296fdb19e4390a,Topical Gel,topical gel
DOSE-d75acc6785085c1907b64a4c,Inhalation Aerosol,inhalation aerosol
DOSE-d7745655a9582fe87bcadc2a,Md Tablet,md tablet
DOSE-d923457af082a712c32dce6b,Long Acting Tablet,long acting tablet
DOSE-d9931651839f11cc21f993fb,IV/IM Injection,iv im injection
DOSE-dadbafbb29cb08c8ce58306a,Solution For Injection,solution for injection
DOSE-dc35f92d0547174ceba1f65f,Mups Tablet,mups tablet
DOSE-ddc9df5098e8501f391e0948,Metered Dose Inhaler,metered dose inhaler
DOSE-e134e93bf713a7b2c6bccf46,Canal Irrigation,canal irrigation
DOSE-e1e782b6bb5516d2896243db,Flash Tablet,flash tablet
DOSE-e28b3a396b9c63a34eb310ef,Spray,spray
DOSE-e39157d3d9f362b3adff8bf1,Inhalation Liquid,inhalation liquid
DOSE-e47ac74ce5f8c505d3b86c25,Pellets For Suspension,pellets for suspension
DOSE-e6dddc126b8e146746f52da5,Capsule (Timed Release),capsule timed release
DOSE-e8927b61deaf6863a3006b9a,Scrub,scrub
DOSE-e8eb8741d3daa5579df54390,Powder,powder
DOSE-e9e8674c5812b506c82a6f66,Nebuliser Solution,nebuliser solution
DOSE-eafb3af94a166752fdf03b51,Topical Powder,topical powder
DOSE-eb413b409832999549a30293,Oral Granules,oral granules
DOSE-ecc6eaf3d45798f9d1d10c3d,Combipack,combipack
DOSE-ecf9fe46b0439a690950b369,Powder For Oral Solution,powder for oral solution
DOSE-ed3a75d2acbe2c2f15117bc0,Effervescent Tablet,effervescent tablet
DOSE-f04dc39e7fc8b289e8737eb3,Oral Powder,oral powder
DOSE-f06e8488f1a61914d012e56e,Suspension,suspension
DOSE-f2496ed20c84bc2c1c046d89,Mouth Dissolving Tablet,mouth dissolving tablet
DOSE-f266117ecccd83eb6e43896d,Cervical Gel,cervical gel
DOSE-f3a22c1ce8e0a5a963937038,Cream,cream
DOSE-f3a7d8a7b83fdb9db4b075f1,Powder for Pedriatric Drop,powder for pedriatric drop
DOSE-f5e759df49a3e2353469b232,Mouthwash,mouthwash
DOSE-f6bc6c993ea21a37cef0fc05,Ear Spray,ear spray
DOSE-f70d3e5d8582e7190b6afd39,M R Capsule,m r capsule
DOSE-f766a5733db4b6e9945bce73,Irrigation Solution,irrigation solution
DOSE-f7a834306206105cfed4e1ec,Tablet (Controlled Release),tablet controlled release
DOSE-f97c7fd11882c5f48d22ae4a,Topical Suspension,topical suspension
DOSE-f98376dfbb39b16da8d22493,Powder For Suspension,powder for suspension
DOSE-fafac516809a34badf1f3fc5,Eye and Ear Drops,eye and ear drops
DOSE-fc2bf6ecd7d5c80a262196f6,Rapid Tablet,rapid tablet
DOSE-fcb7e5ba6fe3e8e50f8db6dc,Soft Gelatin Capsule,soft gelatin capsule
DOSE-fcfd075cbe367c158d5cfaa3,Butterfly,butterfly
