manufacturer_id,display_name,normalized_name,source_verified
MFR-007af40e83f8b5d7dfb26928,One Pharma Ltd.,one pharma limited,0
MFR-0154f8db7f97f7197d23ba63,JMI Syringes & Medical Devices Ltd.,jmi syringes medical devices limited,0
MFR-01fa24bba5b34973451aab08,Union Oxygen Limited,union oxygen limited,0
MFR-020cde81fb6b292177c76c70,Incepta Pharmaceuticals Ltd.,incepta pharmaceuticals limited,0
MFR-041a2a725a2a7edcab9a408b,Asiatic Laboratories Ltd.,asiatic laboratories limited,0
MFR-04c6dacb25ef53f55c210331,Opsonin Bulk Drugs Ltd.,opsonin bulk drugs limited,0
MFR-04cfebf7248a8a5c22514ce5,Mundipharma (BD) Pvt. Ltd.,mundipharma bd private limited,0
MFR-050a5a129d528beb55fba768,Baxter,baxter,0
MFR-0592c73d3ce16d7db7cff37b,Seba Laboratories Ltd.,seba laboratories limited,0
MFR-05c34b7f1d088a654f27537f,Greenland Pharmaceuticals Ltd.,greenland pharmaceuticals limited,0
MFR-06057df352d5223af7cac507,Amico Laboratories Ltd.,amico laboratories limited,0
MFR-07247d2afd2bcb260394057e,Janssen-Cilag,janssen cilag,0
MFR-07e61b5571187d0cc67d0c2c,"Square Lifesciences Limited, Pabna",square lifesciences limited pabna,0
MFR-08a3b24ffe0e4707f74a0eeb,Novartis (Bangladesh) Ltd.,novartis bangladesh limited,0
MFR-092956826f84a45e4585ed09,Bridge Pharmaceuticals Ltd.,bridge pharmaceuticals limited,0
MFR-0952d243d81c3e395d038cc1,EGIS Pharmaceuticals Ltd.,egis pharmaceuticals limited,0
MFR-09a1ad487a4c48965b5e6263,Radiant Nutraceuticals Ltd.,radiant nutraceuticals limited,0
MFR-0bac8a96047b3a246041cf4c,Bengal Drugs & Chemical Works Pharm. Ltd.,bengal drugs chemical works pharm limited,0
MFR-0c2b07237115e18e42f566c0,Alco Pharma Ltd.,alco pharma limited,0
MFR-0ca9b70ffbc027a73f7c23e5,Albion Animal Feed Products (Veterinary),albion animal feed products veterinary,0
MFR-0d5189f8d476ff6fbb66f62e,"Eskayef Pharmaceuticals Ltd., Narayanganj",eskayef pharmaceuticals limited narayanganj,0
MFR-0febad1a60fdfed7a397b904,Reman Drug Laboratories Ltd.,reman drug laboratories limited,0
MFR-0fec47648d39c7b22ddea227,"Sonargaon Steel Fabricate Ltd., (Oxygen Plant)",sonargaon steel fabricate limited oxygen plant,0
MFR-12f08b8d473eecd6abfa9724,NIPRO JMI Company Ltd.,nipro jmi company limited,0
MFR-157abe72c6a5fcaeb6334fe3,Nip Chemicals And Pharmaceuticals Ltd.,nip chemicals and pharmaceuticals limited,0
MFR-173901bdfd83d00fc55c532f,APC Pharma Limited,apc pharma limited,0
MFR-18bc2ed029bb19fb372c5d5d,JMI Industrial Gas Ltd.,jmi industrial gas limited,0
MFR-18bf67c1aaece44fea5a91ac,Get Well Limited,get well limited,0
MFR-197287da5b6773499d9da600,"Techno Drugs Ltd., Satipara, Narshingdi",techno drugs limited satipara narshingdi,0
MFR-1ab6e22a39a130e43b4ca9f6,Gonoshasthaya Pharma Ltd.,gonoshasthaya pharma limited,0
MFR-1aebdacc679f2158eec67f50,Pharmacil Limited,pharmacil limited,0
MFR-1be67d8dff44dcd9c8de939f,CSL Behring,csl behring,0
MFR-1c19d8c59796223a98125a9b,Novus Pharmaceuticals Ltd.,novus pharmaceuticals limited,0
MFR-1d47211f7fa65ad3e7440b29,Pharmatek Chemicals Ltd.,pharmatek chemicals limited,0
MFR-1d7ed7e2c667137b96a4db5e,Ethical Drug Ltd.,ethical drug limited,0
MFR-1e0744b4adadfba6775fd9a4,Prime Pharmaceuticals Ltd.,prime pharmaceuticals limited,0
MFR-1e1178b490877e9e31c745c6,Total Natural Company,total natural company,0
MFR-1e72de9c08d861a77a5d7bda,Medicon Pharmaceuticals Ltd.,medicon pharmaceuticals limited,0
MFR-1e88ee79b7014109ef0f70f8,"Techno Drugs Ltd., Gazipur",techno drugs limited gazipur,0
MFR-1efa17cf2f80edb7d68b34a6,"Hexal AG, Germany",hexal ag germany,0
MFR-1fa4ae172a8f90bce93a2689,"Drug International Ltd., Squib Road",drug international limited squib road,0
MFR-2166fabd8a8de89fd28f8124,Kemiko Pharmaceuticals Ltd.,kemiko pharmaceuticals limited,0
MFR-23156bb14c46231d13ec3a8e,Sun Pharmaceutical (Bangladesh) Ltd.,sun pharmaceuticals bangladesh limited,0
MFR-232615453dccdb21855d3a47,Novo Healthcare and Pharma Ltd.,novo healthcare and pharma limited,0
MFR-24321f8637a534bc739a3d56,Eon Pharmaceuticals Ltd.,eon pharmaceuticals limited,0
MFR-250fbac98d7966a6f09fca1a,Oyster Pharmaceuticals Ltd.,oyster pharmaceuticals limited,0
MFR-27cdf164cb1c8979d30d6839,United Chemicals & Pharmaceuticals Ltd.,united chemicals pharmaceuticals limited,0
MFR-2888aca8f83317cae509571e,Globex Pharmaceuticals Ltd.,globex pharmaceuticals limited,0
MFR-28e301ab5a45a630cbd44d50,Social Marketing Company,social marketing company,0
MFR-292d72f9f7f1c7a2cdce3deb,JP Pharmaceuticals (Veterinary),jp pharmaceuticals veterinary,0
MFR-2979c20015c27881bfe265e4,Organic Health Care Ltd.,organic health care limited,0
MFR-29e5b155c8bd40efc9fb9979,"Orion Corporation, Finland",orion corporation finland,0
MFR-2a9a5a1885427ee133fda14a,NEMUS Pharmaceutical Pvt. Ltd.,nemus pharmaceuticals private limited,0
MFR-2bb7a3a4590220218f13de6b,Pharmasia Limited,pharmasia limited,0
MFR-2d44e9f203491e56b387fbc6,Kumudini Pharma Ltd.,kumudini pharma limited,0
MFR-2d7b8d010a533d39c73bc191,Albion Specialized Pharma Limited,albion specialized pharma limited,0
MFR-2db50205921a2ea6069d5586,Global Heavy Chemicals Ltd.,global heavy chemicals limited,0
MFR-2de851824339f8a16c5c0883,Efroze Chemical Industries Ltd,efroze chemical industries limited,0
MFR-2e1320cbd0155b3302d91026,Eisai Pharmaceutical company,eisai pharmaceuticals company,0
MFR-2e5c04fecaee496e3eb0b5a0,FnF Pharmaceuticals Ltd.,fnf pharmaceuticals limited,0
MFR-2e74fa571a393b6c5be30b97,AFC Agro Biotech Ltd.,afc agro biotech limited,0
MFR-2fc92e37e1fdf48cd6c52b18,Save Pharmaceuticals Ltd.,save pharmaceuticals limited,0
MFR-3014fa04fb77e74b90040186,"Square Pharmaceuticals PLC, Pabna",square pharmaceuticals plc pabna,0
MFR-306387b999ec6d3bd3308958,Bronson  Laboratories (BD) Ltd.,bronson laboratories bd limited,0
MFR-318260333820ba46edae18cb,Shinil Pharma Limited,shinil pharma limited,0
MFR-31b453edf97158875c7fcbf5,"Xellia Pharmaceuticals, Denmark",xellia pharmaceuticals denmark,0
MFR-31b9323517ed7b27833b56ea,Square Pharmaceuticals Ltd.,square pharmaceuticals limited,0
MFR-32786a3f401438b70565fa49,EMCS Pharma Limited,emcs pharma limited,0
MFR-33d5a1933182a130a909e3c0,Hudson Pharmaceuticals Ltd.,hudson pharmaceuticals limited,0
MFR-3569e22951958a9b7a9c33ea,Johnson & Johnson,johnson johnson,0
MFR-3600ad804a55e79d3274b26b,Skylab Pharmaceuticals Ltd.,skylab pharmaceuticals limited,0
MFR-379a39e1b1546e288852ca73,Apex Pharma Ltd.,apex pharma limited,0
MFR-390dbf28b2813831ab018345,Bristol Pharma Ltd.,bristol pharma limited,0
MFR-391e056ddc7c791ca5a65a2d,Sun Pharmaceutical Ltd.,sun pharmaceuticals limited,0
MFR-39208abd8e352a6233df9bfb,Ziska Pharmaceuticals Ltd.,ziska pharmaceuticals limited,0
MFR-3967acc3dabe617a4516baf5,Mundipharma (Bangladesh) Pvt. Ltd.,mundipharma bangladesh private limited,0
MFR-3ce0f08b35799d4a758e6328,Linde Bangladesh Limited,linde bangladesh limited,0
MFR-3d7ef7bec844106badf4abc8,National Drug Company Ltd.,national drug company limited,0
MFR-3dad2a22a01ec5e5e7dd6f60,World API Chemical Industry Ltd.,world api chemical industry limited,0
MFR-3dd78789266234fd0528f581,"MSF Pharmaceuticals Ltd.,",msf pharmaceuticals limited,0
MFR-3e757c35bc58d5b2c976e996,Incepta Pharmaceuticals Ltd. (Dhamrai Unit),incepta pharmaceuticals limited dhamrai unit,0
MFR-3e8a504d8ed3d882b830c897,Genzyme Corporation,genzyme corporation,0
MFR-3e90c27d9474e2d8c3e4036e,Reliance Pharmaceuticals Ltd.,reliance pharmaceuticals limited,0
MFR-3e98943e3e15814b12c90e8f,Chairon SPA,chairon spa,0
MFR-3ec12e3cfc96c542490dd12e,Purnava Limited,purnava limited,0
MFR-41f34697e38395194a2e3241,Leo Pharmaceuticals Ltd.,leo pharmaceuticals limited,0
MFR-429fd456ce43a43c211bebca,Gonoshasthaya Basic Chemical Ltd.,gonoshasthaya basic chemical limited,0
MFR-4311ceeba70e860fb4fc8f3e,Synovia Pharma PLC.,synovia pharma plc,0
MFR-431f073a41c807593cc20a27,Libra Pharmaceuticls Ltd.,libra pharmaceuticls limited,0
MFR-44394fbb3282d842823a858d,Choongwae Pharma Corporation,choongwae pharma corporation,0
MFR-44d758fc5381ae4d31a1a926,Desh Pharmaceuticals Ltd.,desh pharmaceuticals limited,0
MFR-45f1e639de8eeae4e7180d44,"Gedeon Richter, Hungary",gedeon richter hungary,0
MFR-45f6afe8e9892c0fa20a6512,Sunman-Birdem Pharma Ltd.,sunman birdem pharma limited,0
MFR-45fba28986ba60f12624f841,Apollo Pharmaceutical Laboratories Ltd.,apollo pharmaceuticals laboratories limited,0
MFR-470e1a9464e1a5eb27e31f11,United Pharmaceuticals Ltd.,united pharmaceuticals limited,0
MFR-4814442f34aee5431c02fe88,Bengal drugs Ltd.,bengal drugs limited,0
MFR-482b957d05a7e41c93d13ebb,Alien Pharma,alien pharma,0
MFR-4835fea243f598462f6c6493,SMC Enterprise Limited,smc enterprise limited,0
MFR-4862c7653328d48b3be78e53,Silco Pharmaceutical Ltd.,silco pharmaceuticals limited,0
MFR-48bb3ecc84356c451c9a17b3,Team Pharmaceuticals Ltd.,team pharmaceuticals limited,0
MFR-4950d56c76b9884753f50b96,Kyowa Hakko Kogyo,kyowa hakko kogyo,0
MFR-495660daa507f452a3a11f70,Sodical Chemical Ltd.,sodical chemical limited,0
MFR-49ffc7bced43b4685b089c3e,The White Horse Pharma,the white horse pharma,0
MFR-4a0b1fc6fe90393ebe7c933f,UNIDO Pharmaceuticals Ltd.,unido pharmaceuticals limited,0
MFR-4a27329a574c3063e096ac3e,"Kedrion Biopharma, Italy",kedrion biopharma italy,0
MFR-4ab68cdc9007954e3db447ac,Phoenix Chemical Laboratory,phoenix chemical laboratories,0
MFR-4b1dcb5123204fa69d6c382d,MedRx Life Science Ltd.,medrx life science limited,0
MFR-4c2c85434e1051fd311a9c01,NIPRO JMI Pharma Limited,nipro jmi pharma limited,0
MFR-4c565d52a474654b56e219f2,"Laboratorio Varifarma, Argentina",laboratorio varifarma argentina,0
MFR-4defe91ca81a921dbffaea92,Roche Bangladesh Ltd.,roche bangladesh limited,0
MFR-4e1ea4496b519a032eafaa12,Pristine Pharmaceuticals,pristine pharmaceuticals,0
MFR-4f5ceb1cf7f78ba44fb3ab00,C2C Pharma Limited,c2c pharma limited,0
MFR-504a29ff0e127b3c9a1702e6,Libra Infusion Limited,libra infusion limited,0
MFR-52cff5abaedc2f6928d00971,Chemist Laboratories Ltd.,chemist laboratories limited,0
MFR-52ef99849bc4ae54af6f3a5d,Cosmo Pharma Laboratories Ltd.,cosmo pharma laboratories limited,0
MFR-5417d7357ea0b212133ac599,Goodman Pharmaceuticals Ltd,goodman pharmaceuticals limited,0
MFR-54aead31c54b98a8c69a6fcf,Fabrique en France,fabrique en france,0
MFR-54e1e6c7dfd33e33b4ba1fcb,"Beximco Pharmaceuticals Ltd., Kaliakoir",beximco pharmaceuticals limited kaliakoir,0
MFR-552a4464ce396bde1c351656,"Lyomark Pharma, Germany",lyomark pharma germany,0
MFR-55edd0afe31f19d877b4c5b7,Dabur India Limited,dabur india limited,0
MFR-569744f6583c3396ffdaf898,Grifols Biologicals LLC,grifols biologicals llc,0
MFR-5a8b10c7a437dc7413466b58,Pharma Resources,pharma resources,0
MFR-5b41138fb75b1ddfdf298734,River Pharma,river pharma,0
MFR-5b767d1dcd54c79160549a57,"Spectra International Ltd.,",spectra international limited,0
MFR-5cf1fe6f62f07fb249c32aaf,Pharmik Laboratories Ltd.,pharmik laboratories limited,0
MFR-5d7db9faa558f76c2a1aa8f2,Rampart-Power Bangladesh Ltd.,rampart power bangladesh limited,0
MFR-61df421658dcdaf656266ed8,"Laboratoires Panpharma, France",laboratoires panpharma france,0
MFR-6437df2f6734a95b9d886a3d,Bristol Pharmaceuticals Ltd.,bristol pharmaceuticals limited,0
MFR-64470d3fc4eb65d6af916514,Popular Pharmaceuticals PLC,popular pharmaceuticals plc,0
MFR-649493842f827a1c70398b5b,"C.B. Fleet Company, USA",c b fleet company usa,0
MFR-64caca595d01c316e989bbc1,Salton Pharmaceuticals Ltd.,salton pharmaceuticals limited,0
MFR-64e0a20c7563ae56b152ed97,Popular Pharmaceuticals Ltd.,popular pharmaceuticals limited,0
MFR-65c82d34e7e6758e8e5371c9,Novelta Bestway Pharma Ltd.,novelta bestway pharma limited,0
MFR-678ba169e82316b23d4683f9,Renata Limited,renata limited,0
MFR-69233b9f28544c6319b8007c,Medimet Pharmaceuticals Ltd.,medimet pharmaceuticals limited,0
MFR-695a2007ffbed9de5e7f2b9e,Genvio Pharma Ltd.,genvio pharma limited,0
MFR-69d9f7657d4a7ec043cfec0a,Pfizer,pfizer,0
MFR-69db4a2eb1ef8ff1a9f3bfe6,Nuvista Pharma Ltd,nuvista pharma limited,0
MFR-6a750555a4a1c14c2f1b53ab,Leon Pharmaceuticals Ltd.,leon pharmaceuticals limited,0
MFR-6ac749218fa0d8a5f13fe5e2,Al-Madina Pharmaceuticals Ltd.,al madina pharmaceuticals limited,0
MFR-6c95be19e9e30360b095cfd0,Global Capsules Ltd.,global capsules limited,0
MFR-6cd07274f3e213178ddb2097,Concord Pharmaceuticals Ltd.,concord pharmaceuticals limited,0
MFR-6e6bd7b5ab27fae1ff6c2f5c,MSD,msd,0
MFR-6f8490aab64e9f0cea7083bf,"JEO MED, Turkey",jeo med turkey,0
MFR-706a6801f83fdddcb048c645,Cosmic Pharma Ltd.,cosmic pharma limited,0
MFR-72193573a435f125063786d6,Euro Pharma Ltd.,euro pharma limited,0
MFR-723bfd0875ea733dea29f053,AqVida GmbH,aqvida gmbh,0
MFR-72487670bcff069b778f89d6,Naafco Pharma Ltd.,naafco pharma limited,0
MFR-734dd1d0a19562fd9dc362b7,Jenphar Bangladesh Ltd.,jenphar bangladesh limited,0
MFR-74a2eaf7a984d097716febc9,Lundbeck Pharmaceuticals Ltd.,lundbeck pharmaceuticals limited,0
MFR-757607f73fcca8813597a984,Square Formulations Ltd.,square formulations limited,0
MFR-75f86e5e3df1a27c741eb8e2,HLL Lifecare Limited,hll lifecare limited,0
MFR-76edf77921f33e11714755b3,Beacon Pharmaceuticals Ltd.,beacon pharmaceuticals limited,0
MFR-772e206bf4220416a2e6250e,S.A. Alcon-Couvreur N.V.,s a alcon couvreur n v,0
MFR-7851774ed9a9156f611986e2,Drug International Ltd.,drug international limited,0
MFR-7939936603a398b94bff00b4,Cosmo Pharma Ltd.,cosmo pharma limited,0
MFR-7bad4e7316d77ceff5a53dad,"Square Pharmaceuticals PLC, (Chemical Division)",square pharmaceuticals plc chemical division,0
MFR-7d385c9cc4d926006fa98bcd,Aztec Pharmaceuticals Ltd.,aztec pharmaceuticals limited,0
MFR-7daf8cbb6d3dbbf4273a8714,Marker Pharma Ltd.,marker pharma limited,0
MFR-7f6857ec51f2255b0ad98f5d,Gentry Pharmaceuticals Ltd.,gentry pharmaceuticals limited,0
MFR-7fb5805489a0ac34b4e1bcd9,Labaid Pharma Ltd.,labaid pharma limited,0
MFR-7fb8ff660fff1f3a1f3078dc,Belsen Pharmaceuticals Ltd.,belsen pharmaceuticals limited,0
MFR-80af06a80b1ecf5c917b2ea2,Newtec Pharmaceuticals Ltd.,newtec pharmaceuticals limited,0
MFR-81990e79228290feafda659e,BOTS Pvt. Limited,bots private limited,0
MFR-8269c72177f7d2eb23f2335c,Active Fine Chemicals Ltd.,active fine chemicals limited,0
MFR-83d0089d94d8fe48f8955292,Astra Biopharmaceuticals Ltd.,astra biopharmaceuticals limited,0
MFR-83faf2910f5b1ee25e653c79,Royal Pharmaceutical Ltd.,royal pharmaceuticals limited,0
MFR-841ef301477c1c9df572c4af,Adova Pharmaceuticals Ltd.,adova pharmaceuticals limited,0
MFR-84345d264f4fa4a2f350ece2,Rangs Pharmaceuticals Ltd.,rangs pharmaceuticals limited,0
MFR-8469c1433ba5dbe6b6afbd67,Peoples Pharma Ltd.,peoples pharma limited,0
MFR-84a8b69660876daf9d79139c,"Piramal Critical Care, USA",piramal critical care usa,0
MFR-85ed29d21e7a9d9f08654f6a,Labaid Pharmaceuticals Ltd.,labaid pharmaceuticals limited,0
MFR-8635379b8a3533e3bf9640bd,EDCL (Dhaka),edcl dhaka,0
MFR-8663e3628f6113428504ac29,Novo Nordisk Pharma (Pvt.) Ltd,novo nordisk pharma private limited,0
MFR-8771a47677b6e3c65037869e,Doctor TIMS Pharmaceuticals Ltd.,doctor tims pharmaceuticals limited,0
MFR-8803c358bc43f06e22b9795d,Abbott Laboratories,abbott laboratories,0
MFR-8856e41372adadaa364181fc,Momotaz Pharmaceuticals Ltd.,momotaz pharmaceuticals limited,0
MFR-89f92bf4dd283ee25c8f9c8e,Gosun Pharma Corp.,gosun pharma corp,0
MFR-8a80eeb7bce350896fc1a2a7,Healthcare Pharmaceuticals Ltd.,healthcare pharmaceuticals limited,0
MFR-8b47c1cd86b25455131814c8,Square Cephalosporins Ltd.,square cephalosporins limited,0
MFR-8ba4f83bba5d81da664e3030,ZAS Corporation,zas corporation,0
MFR-8bd797f4df6f302f4c3b75db,Vion Pharmaceuticals (Veterinary),vion pharmaceuticals veterinary,0
MFR-8e0631d73a26190cfcc8a415,Decent Pharma Laboratories Ltd.,decent pharma laboratories limited,0
MFR-8e112a508f9df97f96a8a1f4,Orion Pharma Ltd.,orion pharma limited,0
MFR-8e8a5ce545453dae5a2c0e2f,Aexim Pharmaceuticals Ltd.,aexim pharmaceuticals limited,0
MFR-8ebba37f6ef3a407bf5fca9a,Cipla Ltd.,cipla limited,0
MFR-8ed26e01c58e2c95d02b4042,"General Pharmaceuticals Ltd, Unit-2",general pharmaceuticals limited unit 2,0
MFR-8f6ebdaeffc961334a1c75c4,Aristopharma Limited,aristopharma limited,0
MFR-9068059a12c198728e67edd9,Guardian Healthcare Ltd.,guardian healthcare limited,0
MFR-90deffedc997b23aec718cd6,"Purbadesh Chemists Ltd.,",purbadesh chemists limited,0
MFR-91900c0432701fe26383b16b,Unique Pharmaceutical Ltd.,unique pharmaceuticals limited,0
MFR-91b92e293219cd0eacc0d40e,General Pharmaceuticals Ltd.,general pharmaceuticals limited,0
MFR-920cba156f9b71a2fd8f5e3a,"Global Capsules Ltd., Gelatin Division",global capsules limited gelatin division,0
MFR-934e1bd15e986daf7607aabd,EDCL (Bogra),edcl bogra,0
MFR-93e27d9133b80b2cc0dfb8d7,Biogen Pharmaceuticals Ltd.,biogen pharmaceuticals limited,0
MFR-9567e7a480bcc0972ad8772d,Silco Pharmaceuticlas Ltd.,silco pharmaceuticlas limited,0
MFR-963561e9b51b0be45bcb6ff3,"Techno Drugs Ltd., BSCIC I/A, Narshingdi",techno drugs limited bscic i a narshingdi,0
MFR-96373aea55274c29499eca5e,Everest Pharmaceuticals Ltd.,everest pharmaceuticals limited,0
MFR-96eabb15954fac33f2d77ade,Syntho Laboratories Ltd.,syntho laboratories limited,0
MFR-98fca54a0e878e7f1f24f3d8,Opsonin Pharma Ltd.,opsonin pharma limited,0
MFR-99977adc050136ce85fe4807,Valneva,valneva,0
MFR-99a287dcd460efd42339952a,Orion Infusion Ltd.,orion infusion limited,0
MFR-99b89163fbd0f3e7b74747eb,"Dider Pharma Ltd.,",dider pharma limited,0
MFR-99e59972eb310cb05cf4ade7,OSL Pharma Ltd.,osl pharma limited,0
MFR-99f9ebbef37fcec54094af8f,Bristol Myers Squibb,bristol myers squibb,0
MFR-9a28dcc40caa10b2cf9a4e4f,Pharmadesh Laboratories Ltd.,pharmadesh laboratories limited,0
MFR-9bb019b9e20745b13e34611a,Central Pharmaceuticals Ltd.,central pharmaceuticals limited,0
MFR-9be8eea8e32bcd8e59ffcc14,Ambee Pharmaceuticals Ltd.,ambee pharmaceuticals limited,0
MFR-9c5d2215f7ad99c7ead6f064,Supreme Pharmaceuticals Ltd.,supreme pharmaceuticals limited,0
MFR-9cca227487ae8e8200b5817f,Zenith Pharmaceuticals Ltd.,zenith pharmaceuticals limited,0
MFR-9da93fe65b58808bf598a192,UniMed UniHealth,unimed unihealth,0
MFR-9db6c51f757a0d1be59003a3,RN Pharmaceuticals,rn pharmaceuticals,0
MFR-9e3ca6c6a8e5c134ae832d92,Advanced Chemical Industries Limited,advanced chemical industries limited,0
MFR-9edd81986f1fecf4c9e13548,Apex Pharmaceuticals Ltd.,apex pharmaceuticals limited,0
MFR-9ede55d0b0d304491173e652,Eskayef Pharmaceuticals Ltd.,eskayef pharmaceuticals limited,0
MFR-9efd0f01d06bb0a908960b11,"Peertop Pharmaceuticals Ltd.,",peertop pharmaceuticals limited,0
MFR-9eff89e784c2d2e979ec6983,Servier Bangladesh Operation,servier bangladesh operation,0
MFR-9fcbf37d0fe221dcac42bb7d,Allied Pharmaceuticals Ltd.,allied pharmaceuticals limited,0
MFR-9fd3288a0ef2e10ec1d06827,Vision Drugs Limited (Veterinary),vision drugs limited veterinary,0
MFR-a1302fa17a45aafbb79bfbeb,Innovative Pharma (Albion),innovative pharma albion,0
MFR-a2080143754678dd1d0a6bd8,Pacific Pharmaceuticals Ltd.,pacific pharmaceuticals limited,0
MFR-a2aea5da1f075fe6d1b827d1,"Physic Pharmaceuticals Ltd.,",physic pharmaceuticals limited,0
MFR-a4907f00cb99ee5fb79f61ca,ACI HealthCare Limited,aci healthcare limited,0
MFR-a5274138349c5ea066fabd97,Spectra Oxygen Limited,spectra oxygen limited,0
MFR-a6b70a8a5074fc12ed70d61d,Nicholas,nicholas,0
MFR-a6e8d05916608e842d95aeeb,Centeon Pharma Ltd.,centeon pharma limited,0
MFR-a8db17e127f5c8c3689303cf,MST Pharma and Healthcare Ltd.,mst pharma and healthcare limited,0
MFR-aa670784c196c4f59c59cb69,Hallmark Pharmaceuticals Ltd.,hallmark pharmaceuticals limited,0
MFR-aba66e7564bfe16f54ab3770,Gonoshasthaya Pharmaceuticals Ltd.,gonoshasthaya pharmaceuticals limited,0
MFR-ac33cd0372d8c7d5595bca90,"Eskayef Pharmaceuticals Ltd., Tongi,Gazipur",eskayef pharmaceuticals limited tongi gazipur,0
MFR-adafe3b20189a2d53e3cf791,City Overseas Ltd.,city overseas limited,0
MFR-aee552eab3e055aa2dfe2bcf,Marksman Pharmaceutical Ltd.,marksman pharmaceuticals limited,0
MFR-aeef6e8d59b5bc22c68738b0,The ACME Laboratories Ltd.,the acme laboratories limited,0
MFR-afb045ac55b3f0fa61c3e8c4,Rahman Chemicals Ltd.,rahman chemicals limited,0
MFR-afc2ca25f8a9d990167ebb86,Doctor's Chemicals Works Ltd.,doctor s chemicals works limited,0
MFR-b093c2cd1ff8981a11869360,Octapharma Pharmazeutica,octapharma pharmazeutica,0
MFR-b0e1277986cef1d9c3a40ddb,Virgo Pharmaceuticals Ltd.,virgo pharmaceuticals limited,0
MFR-b32181b393a70d40dd59af69,"Eskayef Pharmaceuticals Ltd. Chandana, Gazipur",eskayef pharmaceuticals limited chandana gazipur,0
MFR-b3ab8b507b95c8891096c61a,Bexter Pharmaceuticals,bexter pharmaceuticals,0
MFR-b55389328e0a1ffa10d78e10,Maks Drugs Ltd.,maks drugs limited,0
MFR-b5547d866469f9a683f9b774,Alkad Laboratories,alkad laboratories,0
MFR-b57058a718484e9c9fa01473,Remo Chemical Ltd.,remo chemical limited,0
MFR-b5ce258def23900f1bffddff,Union Pharmaceuticals Ltd.,union pharmaceuticals limited,0
MFR-b70dc1fe4f2470cfe477d6e5,Quality Pharmaceuticals Ltd.,quality pharmaceuticals limited,0
MFR-b78081edcc18fca16e52c520,Mylan Pharmaceutical industry company,mylan pharmaceuticals industry company,0
MFR-b797a96b05587c2c0ef4e040,DBL Pharmaceuticals Limited,dbl pharmaceuticals limited,0
MFR-b816fd94b435bfcdb2d99df6,Millat Pharmaceuticals Ltd.,millat pharmaceuticals limited,0
MFR-b85bc0bc83ddfea31637feb4,ACM laboratoire dermatologique,acm laboratoire dermatologique,0
MFR-b8a070f52b2e7e31eb6d2d3d,Boehringer Ingelheim,boehringer ingelheim,0
MFR-b8c3e447ac92f48b98119068,Arges Life Science Ltd.,arges life science limited,0
MFR-b97dbf357130f738946acaeb,GlaxoSmithKline,glaxosmithkline,0
MFR-bab5c5268731fcea72b62167,Chepla Pharm-Gmbh,chepla pharm gmbh,0
MFR-bb7b8ed38884e90682cae45c,Quality Pharmaceuticals (Pvt) Ltd.,quality pharmaceuticals private limited,0
MFR-bbf3ff24582d985c63b18527,Sonear Laboratories Ltd.,sonear laboratories limited,0
MFR-bc09d20847a93cda0bd8d556,Monicopharma Ltd.,monicopharma limited,0
MFR-bc4bfc02a34da40bd9dea46c,"Allergan, Inc.",allergan inc,0
MFR-bd1032c9d0039adef211cd4b,Veritas Pharmaceuticals Ltd.,veritas pharmaceuticals limited,0
MFR-bf97653be082e5fb4939b3c1,Empiric Laboratories Ltd.,empiric laboratories limited,0
MFR-c03589a94f86c24f81aeceb7,G. A. Company Ltd.,g a company limited,0
MFR-c143cde18fbcc28aa7918105,Serum Institute of India,serum institute of india,0
MFR-c1f3585c0491d9f8f07c48ec,Modern Pharmaceuticals Ltd.,modern pharmaceuticals limited,0
MFR-c427081e27e111de0af41e27,"Rotexmedica GmbH, Germany",rotexmedica gmbh germany,0
MFR-c467ab7da1372523292f7907,Delta Pharma Limited,delta pharma limited,0
MFR-c4d854ec4daac77c515d43d4,Merck,merck,0
MFR-c58d1865c02fdba433d99ddc,Radiant Pharmaceuticals Ltd.,radiant pharmaceuticals limited,0
MFR-c5ecb42e5f76d44b02fcafcf,Edruc Ltd.,edruc limited,0
MFR-c71e80678955e8080e5141f2,Jayson Pharmaceuticals Ltd.,jayson pharmaceuticals limited,0
MFR-c76e06157d05d00602a3b0c8,Premier Pharmaceuticals Ltd.,premier pharmaceuticals limited,0
MFR-c8025510b94b5a494743b1ef,Reckitt Benckiser Bangladesh Ltd.,reckitt benckiser bangladesh limited,0
MFR-c87720848a5939fbf1df7b4e,Orbit Pharmaceuticals Ltd.,orbit pharmaceuticals limited,0
MFR-ca71088f811f1d7014e8986b,Bangladesh Antibiotic Industries Limited,bangladesh antibiotic industries limited,0
MFR-cb787b80c55423d010dec94b,"Renata Limited, Gazipur",renata limited gazipur,0
MFR-cc04d81f797208a4cee79c43,The White Horse Pharmaceuticals Ltd.,the white horse pharmaceuticals limited,0
MFR-cc6fcba131c34ec26a19238a,Albion Laboratories Ltd.,albion laboratories limited,0
MFR-cc9897afdeb70a1a779f7214,Nippon Kayaku Ltd.,nippon kayaku limited,0
MFR-cccde4521bbcb8a109c8edfe,Gulf pharmaceutical industries,gulf pharmaceuticals industries,0
MFR-ce11f66ff69b8da7bd5de575,Momtaz Pharmaceuticals Ltd.,momtaz pharmaceuticals limited,0
MFR-ce28ba062313480d441b2906,Mystic Pharmaceuticals Ltd.,mystic pharmaceuticals limited,0
MFR-ce543e6a62e02ac70ab39998,AstraZeneca pharmaceuticals,astrazeneca pharmaceuticals,0
MFR-cf02fda5601906ca69115dd9,Ultra Pharma Ltd.,ultra pharma limited,0
MFR-cf06baf106a0aa7cc0079a45,Amulet Pharmaceuticals Ltd.,amulet pharmaceuticals limited,0
MFR-d004eb76e8ac1394383d611e,ACI Limited,aci limited,0
MFR-d09fe51497609427df0ee642,Pristine Chem Limited,pristine chem limited,0
MFR-d1a78f3d2a7b5996ad559d3a,Standard Laboratories Ltd.,standard laboratories limited,0
MFR-d1ff80e9e850f4e010792680,"Hamlen Pharmaceuticals, Germany",hamlen pharmaceuticals germany,0
MFR-d296478bf67be8ed5f14c4b6,"Square Pharmaceuticals PLC, Gazipur",square pharmaceuticals plc gazipur,0
MFR-d39072ebc672f7b1e02e9665,Sharif Pharmaceuticals Ltd.,sharif pharmaceuticals limited,0
MFR-d3b34cd77a061a6c4f1d87b7,ACME Laboratories Ltd.,acme laboratories limited,0
MFR-d4490809a02a11e19cfcaae2,Institute of Public Health (IPH),institute of public health iph,0
MFR-d652436994d3f6ae68b724b1,Advent Pharma Ltd.,advent pharma limited,0
MFR-d67f1775502ecfbfd17e25bd,Rephco Pharmaceuticals Ltd.,rephco pharmaceuticals limited,0
MFR-d7a18b154d2d3a06d9eefc1d,Gaco Pharmaceuticals Ltd.,gaco pharmaceuticals limited,0
MFR-d7fb2b8b0339d44edf6ddd94,Techno Drugs Ltd.,techno drugs limited,0
MFR-d88212770f8dddf154483d60,Biotest,biotest,0
MFR-d8bde71fcb4671ae2b23e5f7,Beximco Pharmaceuticals Ltd.,beximco pharmaceuticals limited,0
MFR-d9678c246b99095e4cc73571,Seema Pharmaceuticals Ltd.,seema pharmaceuticals limited,0
MFR-daa482ea1e1f38e3025f99cb,Ferring Pharmaceuticals Ltd.,ferring pharmaceuticals limited,0
MFR-db32c920f3542090d7dee81a,Globe Pharmaceuticals Ltd.,globe pharmaceuticals limited,0
MFR-db6f5d75b3a48e3407ea2e88,Unimed Unihealth Pharmaceuticals Ltd.,unimed unihealth pharmaceuticals limited,0
MFR-dbc5d262bc009895a826e30a,"Beacon Cephalosporin Ltd.,",beacon cephalosporin limited,0
MFR-dc5442a50c054bd3981fddcd,"Sun Pharmaceuticals (EZ) Ltd., Narayanganj",sun pharmaceuticals ez limited narayanganj,0
MFR-dc97c7970e1777f70a6239c2,Stiefel Laboratories Ltd.,stiefel laboratories limited,0
MFR-dd3ebaec360148dc006b1f2e,Super Power Pharmaceuticals Ltd.,super power pharmaceuticals limited,0
MFR-dff7076cea39755abc5b2d2b,Silva Pharmaceuticals Ltd.,silva pharmaceuticals limited,0
MFR-e060af82f1b15ffbf07f6577,Ibn Sina Pharmaceuticals Ltd.,ibn sina pharmaceuticals limited,0
MFR-e09906650908b9bf40dd309a,Novatek Pharmaceuticals Ltd.,novatek pharmaceuticals limited,0
MFR-e1a98ce554a74175d7a2b401,SANDOZ (A Novartis Division),sandoz a novartis division,0
MFR-e2016d5e4b436518433dcd20,Fresenius Kabi,fresenius kabi,0
MFR-e21a1d853b20259c58b764c7,Zhaofeng Gelating Limited,zhaofeng gelating limited,0
MFR-e2fdc2c5c4b2480d487f68b1,Beacon Pharmaceuticals PLC,beacon pharmaceuticals plc,0
MFR-e35fa449823874ec7bea67ba,Nipa Pharmaceuticals Ltd.,nipa pharmaceuticals limited,0
MFR-e397571835e96de1aace1875,"Aristopharma Limited, Gazipur",aristopharma limited gazipur,0
MFR-e39a0f288ae82ecfd4f65b7b,ADM Protexin Ltd,adm protexin limited,0
MFR-e403dfeb714526a34f18895b,Ad-din Pharmaceuticals Ltd.,ad din pharmaceuticals limited,0
MFR-e45ced0a8bc648cd74d999c2,MERZ Pharma GmbH & Co.,merz pharma gmbh co,0
MFR-e47afd04338c5fb404099200,Bengal Remedies Ltd.,bengal remedies limited,0
MFR-e4c70758755b2d3d17dc0f92,Pharmachemie BV,pharmachemie bv,0
MFR-e4f959282889938ca80f4b3e,Opso Saline Ltd.,opso saline limited,0
MFR-e5ba194d2ffbde74d68deeb2,Piramal Enterprises Ltd.,piramal enterprises limited,0
MFR-e5faacdcbb1865ff3aa28cfb,Indo Bangla Pharmaceutical,indo bangla pharmaceuticals,0
MFR-e65a922577aae2124e19311e,"Excella, Germany",excella germany,0
MFR-e689d01b9c723c1518675d97,Alpha Therapeutic Corporation,alpha therapeutic corporation,0
MFR-e6e4a62aaa79d9d1c56c97ad,Reckitt & Benckiser Ltd.,reckitt benckiser limited,0
MFR-e7fd4ef9e9bfa02a8b0fba38,Army Pharma Limited,army pharma limited,0
MFR-e880ff490d00d7ec22eadea1,JR Pharmaceuticals Ltd.,jr pharmaceuticals limited,0
MFR-e9129d2dcf5db59d726e672d,"Drug International Ltd., Gopalpur",drug international limited gopalpur,0
MFR-ea14f4e237c8357a5f8d3f2e,Hamdard Bangladesh,hamdard bangladesh,0
MFR-ea1f2fab4453857dc92fdcfc,National Laboratories Ltd.,national laboratories limited,0
MFR-edebe1d59a26d93b1e2458ca,S. N. Pharmaceuticals Ltd.,s n pharmaceuticals limited,0
MFR-f04d1d6f719132b353e08590,Benham Pharmaceuticals Ltd.,benham pharmaceuticals limited,0
MFR-f066e2840413b56793111a3a,Libra Infusions Ltd.,libra infusions limited,0
MFR-f0bc605f13517477df8cbb9b,Avarox Pharmaceuticals Ltd.,avarox pharmaceuticals limited,0
MFR-f0bcc89728f9ababb8dba8bb,Eskayef Pharmaceuticals Ltd. Mirpur.,eskayef pharmaceuticals limited mirpur,0
MFR-f0e9fe0050e6df4cac74ed81,Apollo Pharmaceutical Ltd.,apollo pharmaceuticals limited,0
MFR-f1b8c612ed21a8e20ce6c55e,"Renata Ltd., Bhaluka",renata limited bhaluka,0
MFR-f331de79be619f63890bd038,Leader Pharmaceuticals Limited,leader pharmaceuticals limited,0
MFR-f6b6eadfc9968ba90e9d1787,Organon,organon,0
MFR-f6d1a1d3b3b97e9f96c6059e,Promixco Pharmaceutical Ltd.,promixco pharmaceuticals limited,0
MFR-f6f1bb8eb1203bec72f84f5a,"Adienne Pharma, Switzerland",adienne pharma switzerland,0
MFR-f874abf74f3215a4ff055153,Novo Healthcare and Pharma Ltd. (Unit-2),novo healthcare and pharma limited unit 2,0
MFR-f8e9f26a4066f6744e5856ed,Biopharma Ltd.,biopharma limited,0
MFR-f98e8a6ab0edc1bd36f98100,MST Pharma,mst pharma,0
MFR-fadab53d159a6ca30a90b412,Islam Oxygen (Pvt) Ltd.,islam oxygen private limited,0
MFR-fbcfeb1a1bfac01a4f47726d,Eli Lilly and Company,eli lilly and company,0
MFR-fbd3102da171debb80400525,Kawsar Chemicals,kawsar chemicals,0
MFR-fbed18011565537590c40baa,Indo-Bangla Pharmaceuticals Ltd.,indo bangla pharmaceuticals limited,0
MFR-fc6739ebc770a2eefe14a782,Doctor’s Chemical Works Ltd.,doctor s chemical works limited,0
MFR-fc96e09199af54793709840a,Biopharma Laboratories Ltd.,biopharma laboratories limited,0
MFR-fdc0750932ae2bd650c5f5c8,Navana Pharmaceuticals Ltd.,navana pharmaceuticals limited,0
MFR-fe33596b41ffd896f7a2c45e,Somatec Pharmaceuticals Ltd.,somatec pharmaceuticals limited,0
MFR-feef23d2a2ab765f9e560369,Ibn Sina Pharmaceutical Ind. Ltd.,ibn sina pharmaceuticals ind limited,0
MFR-ffee0e12950064849a450198,Vifor International Ltd.,vifor international limited,0
