manufacturer_alias_id,manufacturer_id,alias_original,alias_normalized,source_record_id,match_method
MFRA-014e9341e7e911ac9d8296ce,MFR-0d5189f8d476ff6fbb66f62e,"Eskayef Pharmaceuticals Ltd., Narayanganj",eskayef pharmaceuticals limited narayanganj,SRCR-f65d51c4a1333df20e84a24e,DETERMINISTIC_NORMALIZATION
MFRA-01a1b449f6caa8dd5a0aa4d4,MFR-e5faacdcbb1865ff3aa28cfb,Indo Bangla Pharmaceutical,indo bangla pharmaceuticals,SRCM-a15f494ef224c9698ec09bbf,DETERMINISTIC_NORMALIZATION
MFRA-0320b3a73dc10f9d040784cd,MFR-2db50205921a2ea6069d5586,Global Heavy Chemicals Ltd.,global heavy chemicals limited,SRCR-2ba764afd551c198cb0cf314,DETERMINISTIC_NORMALIZATION
MFRA-03d3c3f3805cb00c26fc023e,MFR-318260333820ba46edae18cb,Shinil Pharma Limited,shinil pharma limited,SRCR-65a698dc71476c903f50ccec,DETERMINISTIC_NORMALIZATION
MFRA-040e9375ef9d49b77dd6bfb5,MFR-5417d7357ea0b212133ac599,Goodman Pharmaceuticals Ltd,goodman pharmaceuticals limited,SRCR-4f4dbce9d0416309c00fb5bd,DETERMINISTIC_NORMALIZATION
MFRA-05f2421f023700a1c23ffee5,MFR-d296478bf67be8ed5f14c4b6,"Square Pharmaceuticals PLC, Gazipur",square pharmaceuticals plc gazipur,SRCR-0c64fdd786963363cc7a8247,DETERMINISTIC_NORMALIZATION
MFRA-060790140ebd26d0d861de8c,MFR-39208abd8e352a6233df9bfb,Ziska Pharmaceuticals Ltd.,ziska pharmaceuticals limited,SRCR-102e454c0fdca85bcac7c43f,DETERMINISTIC_NORMALIZATION
MFRA-06c013ec8135d2d521387af6,MFR-d88212770f8dddf154483d60,Biotest,biotest,SRCM-7ffbeca603f1694f3f57d8e5,DETERMINISTIC_NORMALIZATION
MFRA-077ed57bd2ddeefbb3e94a2e,MFR-cb787b80c55423d010dec94b,"Renata Limited, Gazipur",renata limited gazipur,SRCR-2ae690fee91248d8820643aa,DETERMINISTIC_NORMALIZATION
MFRA-078ad0c16b3d544ae658b26c,MFR-07e61b5571187d0cc67d0c2c,"Square Lifesciences Limited, Pabna",square lifesciences limited pabna,SRCR-336ed49fca25c355e336f4a5,DETERMINISTIC_NORMALIZATION
MFRA-08b61b022ae9a526359015a4,MFR-c4d854ec4daac77c515d43d4,Merck,merck,SRCM-b0c20266cb3968175440d571,DETERMINISTIC_NORMALIZATION
MFRA-0a2de61bb5f08620817b0d8c,MFR-0ca9b70ffbc027a73f7c23e5,Albion Animal Feed Products (Veterinary),albion animal feed products veterinary,SRCR-9bfe6ae92ed78dfb0fa71022,DETERMINISTIC_NORMALIZATION
MFRA-0a6aea52a14b1ad44875164a,MFR-7939936603a398b94bff00b4,Cosmo Pharma Ltd.,cosmo pharma limited,SRCM-608c83b01e0a3c89f7676f0f,DETERMINISTIC_NORMALIZATION
MFRA-0aa4296d6e248b233a361deb,MFR-44d758fc5381ae4d31a1a926,Desh Pharmaceuticals Ltd.,desh pharmaceuticals limited,SRCR-fab24d6e516fe83120f96e99,DETERMINISTIC_NORMALIZATION
MFRA-0b0cc64f44b949fec94ff2ec,MFR-1ab6e22a39a130e43b4ca9f6,Gonoshasthaya Pharma Ltd.,gonoshasthaya pharma limited,SRCM-1c546a316d19054e27802288,DETERMINISTIC_NORMALIZATION
MFRA-0b2c914eaa33c3dc6db82a65,MFR-bb7b8ed38884e90682cae45c,Quality Pharmaceuticals (Pvt) Ltd.,quality pharmaceuticals private limited,SRCR-e282bb66d078ed10086104ee,DETERMINISTIC_NORMALIZATION
MFRA-0bdc151456ecca448087da83,MFR-f874abf74f3215a4ff055153,Novo Healthcare and Pharma Ltd. (Unit-2),novo healthcare and pharma limited unit 2,SRCR-7c708f76cc5a55ec86aa0721,DETERMINISTIC_NORMALIZATION
MFRA-0d69bb164fff8f4e9c1cc955,MFR-3e8a504d8ed3d882b830c897,Genzyme Corporation,genzyme corporation,SRCM-20b8989ee427b437d91fad7c,DETERMINISTIC_NORMALIZATION
MFRA-0e60ff398b3fa0d21bc1cbfe,MFR-23156bb14c46231d13ec3a8e,Sun Pharmaceutical (Bangladesh) Ltd.,sun pharmaceuticals bangladesh limited,SRCR-246c361a952be43fca08ce58,DETERMINISTIC_NORMALIZATION
MFRA-0e8cdd7c88af73bfb01da2a9,MFR-98fca54a0e878e7f1f24f3d8,Opsonin Pharma Limited,opsonin pharma limited,SRCR-6550ac6b0b6f7cb83cc50864,DETERMINISTIC_NORMALIZATION
MFRA-0f1e898d922bd4f4999136cf,MFR-e4f959282889938ca80f4b3e,Opso Saline Ltd.,opso saline limited,SRCM-74c4fffabf360ee0b7600278,DETERMINISTIC_NORMALIZATION
MFRA-0fc6b4c877ac808992f91f03,MFR-0c2b07237115e18e42f566c0,Alco Pharma Limited,alco pharma limited,SRCR-144aa46de50c0f1983121949,DETERMINISTIC_NORMALIZATION
MFRA-10c16a9003f4502dd393eca4,MFR-8ebba37f6ef3a407bf5fca9a,Cipla Limited,cipla limited,SRCM-f70ea0fc1703b16450431791,DETERMINISTIC_NORMALIZATION
MFRA-113a38a7d3d22fcd04c05455,MFR-daa482ea1e1f38e3025f99cb,Ferring Pharmaceuticals Ltd.,ferring pharmaceuticals limited,SRCM-686285439e2eb400245041e4,DETERMINISTIC_NORMALIZATION
MFRA-133242965f027a73d490d188,MFR-c5ecb42e5f76d44b02fcafcf,Edruc Ltd.,edruc limited,SRCR-bd484f1e52eea9f0a57b299a,DETERMINISTIC_NORMALIZATION
MFRA-1376b9d0d800a30b53d844de,MFR-f6b6eadfc9968ba90e9d1787,Organon,organon,SRCM-dc18d2fe94c1198e5f0669a4,DETERMINISTIC_NORMALIZATION
MFRA-16c8279d98dd500a9bc383e6,MFR-b0e1277986cef1d9c3a40ddb,Virgo Pharmaceuticals Ltd.,virgo pharmaceuticals limited,SRCR-6c3a7dbf7a3bf091a382b47d,DETERMINISTIC_NORMALIZATION
MFRA-184a3b1d20d127ce8d0b7710,MFR-54e1e6c7dfd33e33b4ba1fcb,"Beximco Pharmaceuticals Ltd., Kaliakoir",beximco pharmaceuticals limited kaliakoir,SRCR-545ce39d1318eed124afc617,DETERMINISTIC_NORMALIZATION
MFRA-18a8a5ce88680b649ce5c9b3,MFR-3dad2a22a01ec5e5e7dd6f60,World API Chemical Industry Ltd.,world api chemical industry limited,SRCR-2ee56405da21de3abd7080a7,DETERMINISTIC_NORMALIZATION
MFRA-19c383df638591d9f889310e,MFR-ffee0e12950064849a450198,Vifor International Ltd.,vifor international limited,SRCM-960d9d74951f46fb5204e04f,DETERMINISTIC_NORMALIZATION
MFRA-19d67368926393e744639ecc,MFR-9a28dcc40caa10b2cf9a4e4f,Pharmadesh Laboratories Ltd.,pharmadesh laboratories limited,SRCM-6259524c914730ff07683863,DETERMINISTIC_NORMALIZATION
MFRA-19e7953a91ed193c8f4a68c6,MFR-dbc5d262bc009895a826e30a,"Beacon Cephalosporin Ltd.,",beacon cephalosporin limited,SRCR-15ece27ce2e740e1d1bbe926,DETERMINISTIC_NORMALIZATION
MFRA-1a2b00912bb5534ee04e1dce,MFR-a1302fa17a45aafbb79bfbeb,Innovative Pharma (Albion),innovative pharma albion,SRCM-6253c0aa25f4f85d7dcec1aa,DETERMINISTIC_NORMALIZATION
MFRA-1a46a6e76c6cc80563bcbac8,MFR-197287da5b6773499d9da600,"Techno Drugs Ltd., Satipara, Narshingdi",techno drugs limited satipara narshingdi,SRCR-04261b3293356bb961936290,DETERMINISTIC_NORMALIZATION
MFRA-1a6a83bb6b44fe78aba7ce45,MFR-2d44e9f203491e56b387fbc6,Kumudini Pharma Ltd.,kumudini pharma limited,SRCR-cceb2a46cb46ee54231e5279,DETERMINISTIC_NORMALIZATION
MFRA-1abbc095cf8c5206f83a650c,MFR-9da93fe65b58808bf598a192,UniMed UniHealth,unimed unihealth,SRCM-3be0b4ff3e2ab3097dedac3b,DETERMINISTIC_NORMALIZATION
MFRA-1b24f08435944ada25462726,MFR-41f34697e38395194a2e3241,Leo Pharmaceuticals Ltd.,leo pharmaceuticals limited,SRCM-6e09137d5b732c1be96a91b4,DETERMINISTIC_NORMALIZATION
MFRA-1b6ba9ab1c224957fe5120ea,MFR-482b957d05a7e41c93d13ebb,Alien Pharma,alien pharma,SRCM-0d3555e875eab478af3d4ffc,DETERMINISTIC_NORMALIZATION
MFRA-1b83fd94c6f19458a2b61628,MFR-c5ecb42e5f76d44b02fcafcf,Edruc Limited,edruc limited,SRCM-b1fe3693d7a7ee370fab32ca,DETERMINISTIC_NORMALIZATION
MFRA-1bb369d095ac600f192c309a,MFR-05c34b7f1d088a654f27537f,Greenland Pharmaceuticals Ltd.,greenland pharmaceuticals limited,SRCR-70ab264c26d9045df08ed491,DETERMINISTIC_NORMALIZATION
MFRA-1c10cf871d504e8e62d4c56c,MFR-b5ce258def23900f1bffddff,Union Pharmaceuticals Ltd.,union pharmaceuticals limited,SRCR-7419578c38636cc8641e3d06,DETERMINISTIC_NORMALIZATION
MFRA-1d5e1fe0d262802e3c3c5e06,MFR-69db4a2eb1ef8ff1a9f3bfe6,Nuvista Pharma Ltd,nuvista pharma limited,SRCR-d0bedc3ba41090abf8963aaa,DETERMINISTIC_NORMALIZATION
MFRA-1d8b0891a6e3a6f4395abced,MFR-8b47c1cd86b25455131814c8,Square Cephalosporins Ltd.,square cephalosporins limited,SRCR-3973521fc0759972f2040188,DETERMINISTIC_NORMALIZATION
MFRA-1ea7c76f167162b617e3ce1d,MFR-93e27d9133b80b2cc0dfb8d7,Biogen Pharmaceuticals Ltd.,biogen pharmaceuticals limited,SRCR-910fb4a1990818054fa08f34,DETERMINISTIC_NORMALIZATION
MFRA-1eac3bec19e03b5003d50472,MFR-83faf2910f5b1ee25e653c79,Royal Pharmaceutical Ltd.,royal pharmaceuticals limited,SRCM-32b8462858d30498c978a49e,DETERMINISTIC_NORMALIZATION
MFRA-1fd137309595f11a2650d0a9,MFR-1aebdacc679f2158eec67f50,Pharmacil Limited,pharmacil limited,SRCM-b00220131f7dde949877b998,DETERMINISTIC_NORMALIZATION
MFRA-203fcd08d56153a5c49b225f,MFR-9cca227487ae8e8200b5817f,Zenith Pharmaceuticals Ltd.,zenith pharmaceuticals limited,SRCR-d72cdcb9e58201f3a9d8ae84,DETERMINISTIC_NORMALIZATION
MFRA-21e48247257f18fbc7904c06,MFR-89f92bf4dd283ee25c8f9c8e,Gosun Pharma Corp.,gosun pharma corp,SRCM-4caa84651b8797ebd3d731cc,DETERMINISTIC_NORMALIZATION
MFRA-22191d5edf54785dc475d585,MFR-5d7db9faa558f76c2a1aa8f2,Rampart-Power Bangladesh Ltd.,rampart power bangladesh limited,SRCR-3dc9dd3ce515f6aad459c938,DETERMINISTIC_NORMALIZATION
MFRA-234186d96d037817404f05ca,MFR-9fd3288a0ef2e10ec1d06827,Vision Drugs Limited (Veterinary),vision drugs limited veterinary,SRCR-d59828cbe91fa5ca47b07817,DETERMINISTIC_NORMALIZATION
MFRA-240e186f7077b8b1a6897da3,MFR-504a29ff0e127b3c9a1702e6,Libra Infusion Limited,libra infusion limited,SRCR-7a9c29f6acd59d57318528fc,DETERMINISTIC_NORMALIZATION
MFRA-248ee2c1fa449b40b42e3749,MFR-4950d56c76b9884753f50b96,Kyowa Hakko Kogyo,kyowa hakko kogyo,SRCM-65aadd26f3bb2078c7bbff0d,DETERMINISTIC_NORMALIZATION
MFRA-24bab2a9574e26c0e4464fe5,MFR-552a4464ce396bde1c351656,"Lyomark Pharma, Germany",lyomark pharma germany,SRCM-cf321071e72b816b26bb2fea,DETERMINISTIC_NORMALIZATION
MFRA-25898e0e232e0d15658d8def,MFR-ac33cd0372d8c7d5595bca90,"Eskayef Pharmaceuticals Ltd., Tongi,Gazipur",eskayef pharmaceuticals limited tongi gazipur,SRCR-f8789f02c5414ac2526912bc,DETERMINISTIC_NORMALIZATION
MFRA-25ab974883130f87e7d3c20e,MFR-28e301ab5a45a630cbd44d50,Social Marketing Company,social marketing company,SRCM-b7cf8718d85484559b92775e,DETERMINISTIC_NORMALIZATION
MFRA-25e17a14807b7acf571cd500,MFR-7d385c9cc4d926006fa98bcd,Aztec Pharmaceuticals Ltd.,aztec pharmaceuticals limited,SRCR-f5fbad26c8a11d629b57df78,DETERMINISTIC_NORMALIZATION
MFRA-26f5c3a1fcef442cc7f02f1a,MFR-4c2c85434e1051fd311a9c01,NIPRO JMI Pharma Limited,nipro jmi pharma limited,SRCR-379c13efe36fb025234b875b,DETERMINISTIC_NORMALIZATION
MFRA-27229007a160a4508b757f4f,MFR-bc09d20847a93cda0bd8d556,Monicopharma Ltd.,monicopharma limited,SRCM-473837aa5f636ed1ca0930b5,DETERMINISTIC_NORMALIZATION
MFRA-283b7515c70911c3c174265e,MFR-2de851824339f8a16c5c0883,Efroze Chemical Industries Ltd,efroze chemical industries limited,SRCM-b0e5f51a89da0f148f3be47c,DETERMINISTIC_NORMALIZATION
MFRA-294074462d73ae688b1f79f5,MFR-b70dc1fe4f2470cfe477d6e5,Quality Pharmaceuticals Ltd.,quality pharmaceuticals limited,SRCM-e71031204bd92231b7dc8ff6,DETERMINISTIC_NORMALIZATION
MFRA-2948632629f071bdaa7d3679,MFR-7bad4e7316d77ceff5a53dad,"Square Pharmaceuticals PLC, (Chemical Division)",square pharmaceuticals plc chemical division,SRCR-c9e4130dc4187fd59a426955,DETERMINISTIC_NORMALIZATION
MFRA-29740a7675832980125758fc,MFR-2e74fa571a393b6c5be30b97,AFC Agro Biotech Ltd.,afc agro biotech limited,SRCR-f9b025d662eba35049db04d2,DETERMINISTIC_NORMALIZATION
MFRA-2a07d34d21bc4deef2cb4a8d,MFR-734dd1d0a19562fd9dc362b7,Jenphar Bangladesh Ltd.,jenphar bangladesh limited,SRCM-83325efcfe333de6fa73d75c,DETERMINISTIC_NORMALIZATION
MFRA-2b674e43b7a2050a059cb528,MFR-99977adc050136ce85fe4807,Valneva,valneva,SRCM-a69e76eb0c264f0d90ea2c2a,DETERMINISTIC_NORMALIZATION
MFRA-2b732b563e7254caf75387b1,MFR-4f5ceb1cf7f78ba44fb3ab00,C2C Pharma Limited,c2c pharma limited,SRCR-a64fa35c2c42c93c27948574,DETERMINISTIC_NORMALIZATION
MFRA-2b8ec0053a69afc857e9cef4,MFR-8ebba37f6ef3a407bf5fca9a,Cipla Ltd.,cipla limited,SRCR-f19a7027e1ff9ccc6deb2dcb,DETERMINISTIC_NORMALIZATION
MFRA-2bee55c7f87a506a8d3c8e45,MFR-99e59972eb310cb05cf4ade7,OSL Pharma Ltd.,osl pharma limited,SRCR-e697fda199e75f9956eae0b1,DETERMINISTIC_NORMALIZATION
MFRA-2bf7e12b42604d233b706b78,MFR-edebe1d59a26d93b1e2458ca,S.N. Pharmaceutical Ltd.,s n pharmaceuticals limited,SRCM-8627a5aecfbef9cc4773f375,DETERMINISTIC_NORMALIZATION
MFRA-2c3f120debd53c36293c928c,MFR-2d7b8d010a533d39c73bc191,Albion Specialized Pharma Limited,albion specialized pharma limited,SRCR-1a34cb4aba5e0c8a37915da7,DETERMINISTIC_NORMALIZATION
MFRA-2d089adc87dbb513ddcf1ae9,MFR-cc6fcba131c34ec26a19238a,Albion Laboratories Ltd.,albion laboratories limited,SRCR-7193a42cc62a5270827ac6d9,DETERMINISTIC_NORMALIZATION
MFRA-2d4dba8d0fd20e49cc44b806,MFR-91900c0432701fe26383b16b,Unique Pharmaceutical Ltd.,unique pharmaceuticals limited,SRCR-5adadf6af2be3343d929c212,DETERMINISTIC_NORMALIZATION
MFRA-2d746a743ad4a675089f94f7,MFR-aee552eab3e055aa2dfe2bcf,Marksman Pharmaceuticals Ltd.,marksman pharmaceuticals limited,SRCM-5207131c126823ad5f01152f,DETERMINISTIC_NORMALIZATION
MFRA-2eb1bd3860a0df6465e59c1d,MFR-f6f1bb8eb1203bec72f84f5a,"Adienne Pharma, Switzerland",adienne pharma switzerland,SRCM-922d8964b1def06cfd11508e,DETERMINISTIC_NORMALIZATION
MFRA-2f6eb62349788867acc50ea7,MFR-1aebdacc679f2158eec67f50,Pharmacil Ltd.,pharmacil limited,SRCR-8e28e7859fa0e8e98f2cd528,DETERMINISTIC_NORMALIZATION
MFRA-2fd5d12248c6155d0bdc73cf,MFR-2e5c04fecaee496e3eb0b5a0,FnF Pharmaceuticals Ltd.,fnf pharmaceuticals limited,SRCR-7d170d8f4e94abe1a736ed6c,DETERMINISTIC_NORMALIZATION
MFRA-306c35320124d500e65df010,MFR-f331de79be619f63890bd038,Leader Pharmaceuticals Limited,leader pharmaceuticals limited,SRCR-781a5ab5743daf33224b9ee4,DETERMINISTIC_NORMALIZATION
MFRA-30ecbbe13595bb496adc1526,MFR-173901bdfd83d00fc55c532f,APC Pharma Limited,apc pharma limited,SRCR-7c3e4fae4e652250b9152af7,DETERMINISTIC_NORMALIZATION
MFRA-316a358e0dd8892ab00bd537,MFR-920cba156f9b71a2fd8f5e3a,"Global Capsules Ltd., Gelatin Division",global capsules limited gelatin division,SRCR-12081dde7e6a2c0751d670b3,DETERMINISTIC_NORMALIZATION
MFRA-33224b6f05e40a4c1a92e9ad,MFR-ce11f66ff69b8da7bd5de575,Momtaz Pharmaceuticals Ltd.,momtaz pharmaceuticals limited,SRCR-0dbfc3187b6c2952089c7043,DETERMINISTIC_NORMALIZATION
MFRA-33e08aa04c8081925d6d9fd7,MFR-c76e06157d05d00602a3b0c8,Premier Pharmaceuticals Ltd.,premier pharmaceuticals limited,SRCM-7c4d1f5afd2f8c0a938c4f18,DETERMINISTIC_NORMALIZATION
MFRA-341f0beae306c1e88026ce31,MFR-cccde4521bbcb8a109c8edfe,Gulf pharmaceutical industries,gulf pharmaceuticals industries,SRCM-27dbd1811ed533fe66afecc8,DETERMINISTIC_NORMALIZATION
MFRA-35ffd486d1c98d299240acd4,MFR-d1a78f3d2a7b5996ad559d3a,Standard Laboratories Ltd.,standard laboratories limited,SRCR-9b763b0551fe6968e86c9fee,DETERMINISTIC_NORMALIZATION
MFRA-366affa3eca7e1f7c55ead02,MFR-0154f8db7f97f7197d23ba63,JMI Syringes & Medical Devices Ltd.,jmi syringes medical devices limited,SRCR-c9983fa744f86f094284a178,DETERMINISTIC_NORMALIZATION
MFRA-369c3dc69718316b27ce5229,MFR-8663e3628f6113428504ac29,Novo Nordisk Pharma (Pvt.) Ltd,novo nordisk pharma private limited,SRCM-32ae246b68b6ff3901e63f2c,DETERMINISTIC_NORMALIZATION
MFRA-3726ee0a3726e82c96730596,MFR-3e757c35bc58d5b2c976e996,Incepta Pharmaceuticals Ltd. (Dhamrai Unit),incepta pharmaceuticals limited dhamrai unit,SRCR-4b9813f04aeb3298f008758b,DETERMINISTIC_NORMALIZATION
MFRA-37f33b13c80891cb04d4d015,MFR-a6e8d05916608e842d95aeeb,Centeon Pharma Limited,centeon pharma limited,SRCR-5ed51740beec8709feac7bdc,DETERMINISTIC_NORMALIZATION
MFRA-39ad00d0c0a984417b363c68,MFR-dff7076cea39755abc5b2d2b,Silva Pharmaceuticals Ltd.,silva pharmaceuticals limited,SRCM-a17e02f59c1561f585a91954,DETERMINISTIC_NORMALIZATION
MFRA-39ebbdb57fab5a5cd8b0e595,MFR-d3b34cd77a061a6c4f1d87b7,ACME Laboratories Ltd.,acme laboratories limited,SRCM-63fcdb557886483d5096913b,DETERMINISTIC_NORMALIZATION
MFRA-3b0f5dd528f11504b38f7625,MFR-ce28ba062313480d441b2906,Mystic Pharmaceuticals Ltd.,mystic pharmaceuticals limited,SRCR-82c84bf14d48b96d4e084e57,DETERMINISTIC_NORMALIZATION
MFRA-3b8fe47070b1f73e6797b830,MFR-e2fdc2c5c4b2480d487f68b1,Beacon Pharmaceuticals PLC,beacon pharmaceuticals plc,SRCR-f4129437d4997c39017548d6,DETERMINISTIC_NORMALIZATION
MFRA-3bfd6ccebec375766e02d740,MFR-9068059a12c198728e67edd9,Guardian Healthcare Ltd.,guardian healthcare limited,SRCR-d7c2f8b1d6df7307e5e0a479,DETERMINISTIC_NORMALIZATION
MFRA-3c29055950f57189e19b13eb,MFR-bbf3ff24582d985c63b18527,Sonear Laboratories Ltd.,sonear laboratories limited,SRCM-1bed394c64cbce345edf57df,DETERMINISTIC_NORMALIZATION
MFRA-3c3066380bd2435701167a46,MFR-64caca595d01c316e989bbc1,Salton Pharmaceuticals Ltd.,salton pharmaceuticals limited,SRCM-95e538a8406305bfc1655571,DETERMINISTIC_NORMALIZATION
MFRA-3c576cff5a0c5157e44e3ae0,MFR-7fb8ff660fff1f3a1f3078dc,Belsen Pharmaceuticals Ltd.,belsen pharmaceuticals limited,SRCM-08c91b79e13e9cf8b7edcde4,DETERMINISTIC_NORMALIZATION
MFRA-3d1c9ea2f2fa9bb0907de392,MFR-8635379b8a3533e3bf9640bd,EDCL (Dhaka),edcl dhaka,SRCR-11b917924326b561d9f76eda,DETERMINISTIC_NORMALIZATION
MFRA-3d86ce5a7b4d14d8844bf3b0,MFR-91b92e293219cd0eacc0d40e,General Pharmaceuticals Ltd.,general pharmaceuticals limited,SRCM-db8dcc7f035e2e59c9103bb2,DETERMINISTIC_NORMALIZATION
MFRA-3dceb2ff833ea6b06cb2bffc,MFR-6e6bd7b5ab27fae1ff6c2f5c,MSD,msd,SRCM-6d30f59ff4f254e93ddb8d85,DETERMINISTIC_NORMALIZATION
MFRA-3e09f5e62bf50e874b1ab21e,MFR-4c2c85434e1051fd311a9c01,NIPRO JMI Pharma Ltd.,nipro jmi pharma limited,SRCM-300adb616e41bcdf430649dc,DETERMINISTIC_NORMALIZATION
MFRA-3e574c451b7024c55e952b05,MFR-5cf1fe6f62f07fb249c32aaf,Pharmik Laboratories Ltd.,pharmik laboratories limited,SRCR-0484674a4ddfaa71219f5269,DETERMINISTIC_NORMALIZATION
MFRA-3f34c2a27212240c443d8139,MFR-dd3ebaec360148dc006b1f2e,Super Power Pharmaceuticals Ltd.,super power pharmaceuticals limited,SRCR-6dfba5d235b498cdddf799ec,DETERMINISTIC_NORMALIZATION
MFRA-405d54af43e46c0b0cebcd24,MFR-99b89163fbd0f3e7b74747eb,"Dider Pharma Ltd.,",dider pharma limited,SRCR-ababcd0b07372263ad64c123,DETERMINISTIC_NORMALIZATION
MFRA-416299a90180a9334622f1b8,MFR-afb045ac55b3f0fa61c3e8c4,Rahman Chemicals Ltd.,rahman chemicals limited,SRCR-7464c98c90f3d507ba5f8ee7,DETERMINISTIC_NORMALIZATION
MFRA-41afb00c092aeb9ce33fe8ff,MFR-6ac749218fa0d8a5f13fe5e2,Al-Madina Pharmaceuticals Ltd.,al madina pharmaceuticals limited,SRCM-59eeb5f15ad34c24d32c01c7,DETERMINISTIC_NORMALIZATION
MFRA-41eb8090a5459991610577b4,MFR-18bf67c1aaece44fea5a91ac,Get Well Limited,get well limited,SRCM-2a4ed620149edb2d3b3594af,DETERMINISTIC_NORMALIZATION
MFRA-42250a9b66c93f141a5bc262,MFR-64e0a20c7563ae56b152ed97,Popular Pharmaceuticals Ltd.,popular pharmaceuticals limited,SRCM-27d82a776dbdfe1bb34e67f3,DETERMINISTIC_NORMALIZATION
MFRA-42468e0f59b3d903f2bcdf3f,MFR-aa670784c196c4f59c59cb69,Hallmark Pharmaceuticals Ltd.,hallmark pharmaceuticals limited,SRCM-6ac84c212f8f628379849a9b,DETERMINISTIC_NORMALIZATION
MFRA-42ac4cb6eefbd79b082f0d28,MFR-2166fabd8a8de89fd28f8124,Kemiko Pharmaceuticals Ltd.,kemiko pharmaceuticals limited,SRCM-c83c2ec5c67ad64550417ade,DETERMINISTIC_NORMALIZATION
MFRA-42bd7540fa3bfb3a8deb09c6,MFR-c1f3585c0491d9f8f07c48ec,Modern Pharmaceuticals Ltd.,modern pharmaceuticals limited,SRCR-7ab328c31d4fabf29c95704d,DETERMINISTIC_NORMALIZATION
MFRA-42cdcb18d389dd3d9257fe6e,MFR-157abe72c6a5fcaeb6334fe3,Nip Chemicals And Pharmaceuticals Ltd.,nip chemicals and pharmaceuticals limited,SRCR-e9c461b3a19019cad3d605df,DETERMINISTIC_NORMALIZATION
MFRA-42f7a90913ee776374751835,MFR-d9678c246b99095e4cc73571,Seema Pharmaceuticals Ltd.,seema pharmaceuticals limited,SRCM-05f35ecd3dfa113a6d5bf8bf,DETERMINISTIC_NORMALIZATION
MFRA-4437764048632ee3e0d3c33f,MFR-9bb019b9e20745b13e34611a,Central Pharmaceuticals Ltd.,central pharmaceuticals limited,SRCM-aba309dba140af681708fa1d,DETERMINISTIC_NORMALIZATION
MFRA-44481545f9f25456b62c8727,MFR-b3ab8b507b95c8891096c61a,Bexter Pharmaceuticals,bexter pharmaceuticals,SRCR-08baa58e17728be06d3fe23e,DETERMINISTIC_NORMALIZATION
MFRA-458ab2c759674bda335d1992,MFR-d39072ebc672f7b1e02e9665,Sharif Pharmaceuticals Ltd.,sharif pharmaceuticals limited,SRCR-48f2d90b56f9286307361484,DETERMINISTIC_NORMALIZATION
MFRA-46538dd1d5c76214ce4884b5,MFR-c143cde18fbcc28aa7918105,Serum Institute of India,serum institute of india,SRCM-c005cb55e5ad6079f1b4c5fb,DETERMINISTIC_NORMALIZATION
MFRA-469c9580a53616255dd174b8,MFR-2a9a5a1885427ee133fda14a,NEMUS Pharmaceutical Pvt. Ltd.,nemus pharmaceuticals private limited,SRCM-e3c477ad9caac4981c1b7847,DETERMINISTIC_NORMALIZATION
MFRA-47016266da61676f8bab2519,MFR-adafe3b20189a2d53e3cf791,City Overseas Ltd.,city overseas limited,SRCM-e2cd293b5355a295a5ff1735,DETERMINISTIC_NORMALIZATION
MFRA-47e6ab4dfaedfadd730589cd,MFR-5417d7357ea0b212133ac599,Goodman Pharmaceuticals Ltd.,goodman pharmaceuticals limited,SRCM-930294e357512dbce862667a,DETERMINISTIC_NORMALIZATION
MFRA-48b76375b78537b3c3e98096,MFR-d8bde71fcb4671ae2b23e5f7,Beximco Pharmaceuticals Ltd.,beximco pharmaceuticals limited,SRCR-66c55566d09857fe5f0df386,DETERMINISTIC_NORMALIZATION
MFRA-48dc164a6d0866cd692367a5,MFR-04cfebf7248a8a5c22514ce5,Mundipharma (BD) Pvt. Ltd.,mundipharma bd private limited,SRCM-0e5ab248435b00496269c686,DETERMINISTIC_NORMALIZATION
MFRA-490438c50421cb503661ecac,MFR-6cd07274f3e213178ddb2097,Concord Pharmaceuticals Ltd.,concord pharmaceuticals limited,SRCR-8f9ed28df6d55488e92aa2e2,DETERMINISTIC_NORMALIZATION
MFRA-4a06fd1a34deefc6c4cc0f95,MFR-e65a922577aae2124e19311e,"Excella, Germany",excella germany,SRCM-f8880425d76f90a32e2ea987,DETERMINISTIC_NORMALIZATION
MFRA-4aa190a8f391e44c616776d2,MFR-fbd3102da171debb80400525,Kawsar Chemicals,kawsar chemicals,SRCM-944f6137dd6f86131b8cc475,DETERMINISTIC_NORMALIZATION
MFRA-4af49a15e98b636d8f8e82bb,MFR-3600ad804a55e79d3274b26b,Skylab Pharmaceuticals Ltd.,skylab pharmaceuticals limited,SRCM-b43ce73847e21ae1eff3f730,DETERMINISTIC_NORMALIZATION
MFRA-4b0c2ee8cbc4591f0c3d45ec,MFR-4862c7653328d48b3be78e53,Silco Pharmaceutical Ltd.,silco pharmaceuticals limited,SRCM-e7255df41863d5e981ff4c9d,DETERMINISTIC_NORMALIZATION
MFRA-4c03c009028578fedcdbcef9,MFR-8e0631d73a26190cfcc8a415,Decent Pharma Laboratories Ltd.,decent pharma laboratories limited,SRCR-6a07620ad138cda4b77e6bf4,DETERMINISTIC_NORMALIZATION
MFRA-4c2a79378cb7f53c61412bd2,MFR-aba66e7564bfe16f54ab3770,Gonoshasthaya Pharmaceuticals Ltd.,gonoshasthaya pharmaceuticals limited,SRCR-1500ec09951fb4d2e2526a03,DETERMINISTIC_NORMALIZATION
MFRA-4c7391e5ae270551d6119e33,MFR-772e206bf4220416a2e6250e,S.A. Alcon-Couvreur N.V.,s a alcon couvreur n v,SRCM-c23ea45d1cbce3895206a30c,DETERMINISTIC_NORMALIZATION
MFRA-4ca342de38d240f796557d49,MFR-cc9897afdeb70a1a779f7214,Nippon Kayaku Ltd.,nippon kayaku limited,SRCM-4ce5fa39e85f0728292cf4a0,DETERMINISTIC_NORMALIZATION
MFRA-4cd2aea6dd0ae0b5f523b27f,MFR-31b453edf97158875c7fcbf5,"Xellia Pharmaceuticals, Denmark",xellia pharmaceuticals denmark,SRCM-45b2ab1e6bffc9c44e90307e,DETERMINISTIC_NORMALIZATION
MFRA-4cef8d2cee30d9040ec17f13,MFR-c71e80678955e8080e5141f2,Jayson Pharmaceuticals Ltd.,jayson pharmaceuticals limited,SRCR-058be798dff1cd135d342704,DETERMINISTIC_NORMALIZATION
MFRA-4daa191fb6da4709641b6024,MFR-020cde81fb6b292177c76c70,Incepta Pharmaceuticals Ltd.,incepta pharmaceuticals limited,SRCR-841991ab68fb85665201a3ac,DETERMINISTIC_NORMALIZATION
MFRA-4daf22a9449ce448aaa0e122,MFR-0febad1a60fdfed7a397b904,Reman Drug Laboratories Ltd.,reman drug laboratories limited,SRCR-41359eef2fdc3dc30c836d70,DETERMINISTIC_NORMALIZATION
MFRA-4de51bb5fa933a64913a52f5,MFR-8803c358bc43f06e22b9795d,Abbott Laboratories,abbott laboratories,SRCM-fd317de3cdf59494d9da8af2,DETERMINISTIC_NORMALIZATION
MFRA-4e187857a5248a5a20b976ca,MFR-69233b9f28544c6319b8007c,Medimet Pharmaceuticals Ltd.,medimet pharmaceuticals limited,SRCR-fe338830cec46c86ca7f213e,DETERMINISTIC_NORMALIZATION
MFRA-4e350156edf5c46817d240e0,MFR-07247d2afd2bcb260394057e,Janssen-Cilag,janssen cilag,SRCM-ee93855178271cef07ff19b9,DETERMINISTIC_NORMALIZATION
MFRA-4f43a43ea3817c1a0c90e121,MFR-8269c72177f7d2eb23f2335c,Active Fine Chemicals Ltd.,active fine chemicals limited,SRCR-d6880c08e58a1ba48cd8894b,DETERMINISTIC_NORMALIZATION
MFRA-4f507174094f636c009c7774,MFR-e9129d2dcf5db59d726e672d,"Drug International Ltd., Gopalpur",drug international limited gopalpur,SRCR-5a16c1cfb836c8a426921399,DETERMINISTIC_NORMALIZATION
MFRA-5049af1b4206b31736e7b687,MFR-f8e9f26a4066f6744e5856ed,Biopharma Ltd.,biopharma limited,SRCR-b4421bc8925aa42683595bd4,DETERMINISTIC_NORMALIZATION
MFRA-52044cea3b8f560da73776d0,MFR-1fa4ae172a8f90bce93a2689,"Drug International Ltd., Squib Road",drug international limited squib road,SRCR-05302243220922da0e7d9507,DETERMINISTIC_NORMALIZATION
MFRA-522c18b7edd1eb26716c5687,MFR-45f6afe8e9892c0fa20a6512,Sunman-Birdem Pharma Ltd.,sunman birdem pharma limited,SRCM-3b1ad851148aeb5e0fee476c,DETERMINISTIC_NORMALIZATION
MFRA-5375460d6a4df5f0595f8025,MFR-e060af82f1b15ffbf07f6577,Ibn Sina Pharmaceuticals Ltd.,ibn sina pharmaceuticals limited,SRCM-2946db8270f95002f1f62d7d,DETERMINISTIC_NORMALIZATION
MFRA-53a14191b711e3be3ccdaf0b,MFR-c8025510b94b5a494743b1ef,Reckitt Benckiser Bangladesh Ltd.,reckitt benckiser bangladesh limited,SRCR-f270ffa09d094c5f8c3cc680,DETERMINISTIC_NORMALIZATION
MFRA-54a0b2e771bdf25878de6a3b,MFR-1c19d8c59796223a98125a9b,Novus Pharmaceuticals Ltd.,novus pharmaceuticals limited,SRCR-7ebb27f97fe3e081fddc22a6,DETERMINISTIC_NORMALIZATION
MFRA-54e22d59df3e22f0de658b17,MFR-48bb3ecc84356c451c9a17b3,Team Pharmaceuticals Ltd.,team pharmaceuticals limited,SRCM-e3cfa9e4de73a3b0afd8800d,DETERMINISTIC_NORMALIZATION
MFRA-55b5baffe501dfc04d50b8a8,MFR-45fba28986ba60f12624f841,Apollo Pharmaceutical Laboratories Ltd.,apollo pharmaceuticals laboratories limited,SRCR-8844be5bf19d0eb56aee36cc,DETERMINISTIC_NORMALIZATION
MFRA-55fdf677e818eef38bdafc3f,MFR-8e8a5ce545453dae5a2c0e2f,Aexim Pharmaceuticals Ltd.,aexim pharmaceuticals limited,SRCM-e37ad87a15024129cee34c0b,DETERMINISTIC_NORMALIZATION
MFRA-5701e55d269a07f9d42b9706,MFR-8f6ebdaeffc961334a1c75c4,Aristopharma Limited,aristopharma limited,SRCR-1900315abcd86ec7e972c154,DETERMINISTIC_NORMALIZATION
MFRA-575723438aaebe7ddd01fb85,MFR-6a750555a4a1c14c2f1b53ab,Leon Pharmaceuticals Ltd.,leon pharmaceuticals limited,SRCM-87481c475ae7fa2607a7047f,DETERMINISTIC_NORMALIZATION
MFRA-576cf053f13840a77dc25451,MFR-e1a98ce554a74175d7a2b401,SANDOZ (A Novartis Division),sandoz a novartis division,SRCM-f8b89e82626b9863adb0a5e1,DETERMINISTIC_NORMALIZATION
MFRA-57b62797808474b896b2ed24,MFR-9ede55d0b0d304491173e652,Eskayef Pharmaceuticals Ltd.,eskayef pharmaceuticals limited,SRCM-c047dd3282ad0cc1953eaa98,DETERMINISTIC_NORMALIZATION
MFRA-57fa0230bac4fac345af831f,MFR-0bac8a96047b3a246041cf4c,Bengal Drugs & Chemical Works Pharm. Ltd.,bengal drugs chemical works pharm limited,SRCR-71c12ebe649b811e72a33bfd,DETERMINISTIC_NORMALIZATION
MFRA-586ef07fb62af5abf8b9a0b6,MFR-bf97653be082e5fb4939b3c1,Empiric Laboratories Ltd.,empiric laboratories limited,SRCM-f65fde9dcc2692948b9c2e44,DETERMINISTIC_NORMALIZATION
MFRA-598798babdc297a4efed9519,MFR-69d9f7657d4a7ec043cfec0a,Pfizer,pfizer,SRCM-b5cceea3d90a395531ad52e3,DETERMINISTIC_NORMALIZATION
MFRA-5b4804d4aa6dab1791ba727f,MFR-495660daa507f452a3a11f70,Sodical Chemical Ltd.,sodical chemical limited,SRCR-29781400336b51c96645a283,DETERMINISTIC_NORMALIZATION
MFRA-5b91da58024a6eb10ec841f8,MFR-81990e79228290feafda659e,BOTS Pvt. Limited,bots private limited,SRCM-bf46cf2cb58438e73b60e572,DETERMINISTIC_NORMALIZATION
MFRA-5c1d5ab773008913caf21c73,MFR-cc04d81f797208a4cee79c43,The White Horse Pharmaceuticals Ltd.,the white horse pharmaceuticals limited,SRCR-d031757cb9e9a546919f3ea0,DETERMINISTIC_NORMALIZATION
MFRA-5c30ae03497bb2996fda97fd,MFR-33d5a1933182a130a909e3c0,Hudson Pharmaceuticals Ltd.,hudson pharmaceuticals limited,SRCM-31cd59aab969cea589175196,DETERMINISTIC_NORMALIZATION
MFRA-5c81ca99097ad15122ec68eb,MFR-b85bc0bc83ddfea31637feb4,ACM laboratoire dermatologique,acm laboratoire dermatologique,SRCM-122d827ed3d3d2455f25f9c6,DETERMINISTIC_NORMALIZATION
MFRA-5c83c6c3721eacb30b464a01,MFR-3967acc3dabe617a4516baf5,Mundipharma (Bangladesh) Pvt. Ltd.,mundipharma bangladesh private limited,SRCR-2c02effde1cae660d8d04670,DETERMINISTIC_NORMALIZATION
MFRA-5de9eda0d6c62f4fe8bb41dd,MFR-934e1bd15e986daf7607aabd,EDCL (Bogra),edcl bogra,SRCR-e64a8111cea8edcb2653c68f,DETERMINISTIC_NORMALIZATION
MFRA-5deea45386b620d93eba1de9,MFR-85ed29d21e7a9d9f08654f6a,Labaid Pharmaceuticals Ltd.,labaid pharmaceuticals limited,SRCR-a905c32bd3e182507814d52e,DETERMINISTIC_NORMALIZATION
MFRA-5e0babe49fdae6bb615b1d14,MFR-8f6ebdaeffc961334a1c75c4,Aristopharma Ltd.,aristopharma limited,SRCM-bee1aba635eba245703b63c5,DETERMINISTIC_NORMALIZATION
MFRA-5e6c1f47f47b8c04a40b7f30,MFR-1be67d8dff44dcd9c8de939f,CSL Behring,csl behring,SRCM-252dce7a1a96df44c4d4c593,DETERMINISTIC_NORMALIZATION
MFRA-5ed1e98329dae14e919027a3,MFR-ca71088f811f1d7014e8986b,Bangladesh Antibiotic Industries Limited,bangladesh antibiotic industries limited,SRCR-1b9d9c8fad4dffb6b0dda0af,DETERMINISTIC_NORMALIZATION
MFRA-5fa0940258a4e3bcc6883d52,MFR-bd1032c9d0039adef211cd4b,Veritas Pharmaceuticals Ltd.,veritas pharmaceuticals limited,SRCR-51b00bb9c05c768f97a047aa,DETERMINISTIC_NORMALIZATION
MFRA-6196002252987bf732c01b96,MFR-b816fd94b435bfcdb2d99df6,Millat Pharmaceuticals Ltd.,millat pharmaceuticals limited,SRCM-63b22335788428d478b32b9e,DETERMINISTIC_NORMALIZATION
MFRA-62dfff53f89af98200bf48c8,MFR-f066e2840413b56793111a3a,Libra Infusions Ltd.,libra infusions limited,SRCM-7c069e2bb57a0465c8305abc,DETERMINISTIC_NORMALIZATION
MFRA-6472cbf16bdf57d34b343604,MFR-b78081edcc18fca16e52c520,Mylan Pharmaceutical industry company,mylan pharmaceuticals industry company,SRCM-447eee9ae92907fb694147d0,DETERMINISTIC_NORMALIZATION
MFRA-64a3550c38f1b6b18a2ce401,MFR-4ab68cdc9007954e3db447ac,Phoenix Chemical Laboratory,phoenix chemical laboratories,SRCM-02d9ceb97e1c40326c04007e,DETERMINISTIC_NORMALIZATION
MFRA-64c5f006a8ea3a4dec2219f0,MFR-f0bcc89728f9ababb8dba8bb,Eskayef Pharmaceuticals Ltd. Mirpur.,eskayef pharmaceuticals limited mirpur,SRCR-f6430ea22538d70b46423ac6,DETERMINISTIC_NORMALIZATION
MFRA-657714354323c127987be4be,MFR-e35fa449823874ec7bea67ba,Nipa Pharmaceuticals Ltd.,nipa pharmaceuticals limited,SRCM-9d75dec51e7640df03f778e4,DETERMINISTIC_NORMALIZATION
MFRA-673c72a6a48d74df00bc8656,MFR-bc09d20847a93cda0bd8d556,Monicopharma Limited,monicopharma limited,SRCR-79bcd2679fb5f65a1c7bf9ae,DETERMINISTIC_NORMALIZATION
MFRA-697bbf499d54b64bc54fd752,MFR-edebe1d59a26d93b1e2458ca,S. N. Pharmaceuticals Ltd.,s n pharmaceuticals limited,SRCR-6925caef7c5fe6aa158c4d36,DETERMINISTIC_NORMALIZATION
MFRA-6afac20ea2135c806b062ae2,MFR-80af06a80b1ecf5c917b2ea2,Newtec Pharmaceuticals Ltd.,newtec pharmaceuticals limited,SRCR-13057c3fd86326136217d4cb,DETERMINISTIC_NORMALIZATION
MFRA-6b1be6a46a43d352b354b213,MFR-9fcbf37d0fe221dcac42bb7d,Allied Pharmaceuticals Ltd.,allied pharmaceuticals limited,SRCM-5b5a69c0abf8b7bff503519b,DETERMINISTIC_NORMALIZATION
MFRA-6b28a15d5d07325ea6c84016,MFR-6437df2f6734a95b9d886a3d,Bristol Pharmaceuticals Ltd.,bristol pharmaceuticals limited,SRCM-fa895b1eff5ef0b21fd49d54,DETERMINISTIC_NORMALIZATION
MFRA-6bebfcf67b5a78aca055e4af,MFR-7851774ed9a9156f611986e2,Drug International Ltd.,drug international limited,SRCR-0bf7d46677832423edd1175d,DETERMINISTIC_NORMALIZATION
MFRA-6c5d6f458325b1ef4c68a5e6,MFR-72487670bcff069b778f89d6,Naafco Pharma Ltd.,naafco pharma limited,SRCR-19a949120750c07ff747d691,DETERMINISTIC_NORMALIZATION
MFRA-6c68cfbc5cefeb6677066056,MFR-fadab53d159a6ca30a90b412,Islam Oxygen (Pvt) Ltd.,islam oxygen private limited,SRCR-678149b09660473b0ca599fa,DETERMINISTIC_NORMALIZATION
MFRA-6cd5f8a42ad1e46a8a3608b6,MFR-f1b8c612ed21a8e20ce6c55e,"Renata Ltd., Bhaluka",renata limited bhaluka,SRCR-aadfd7d3d8f2a94508df0ca1,DETERMINISTIC_NORMALIZATION
MFRA-6e113f240d88191ea5f0b486,MFR-f04d1d6f719132b353e08590,Benham Pharmaceuticals Ltd.,benham pharmaceuticals limited,SRCR-e59be243bcd3b8c9d4ca0102,DETERMINISTIC_NORMALIZATION
MFRA-6e5a54118f56e7ee704ed823,MFR-8856e41372adadaa364181fc,Momotaz Pharmaceuticals Ltd.,momotaz pharmaceuticals limited,SRCM-1572540f4c0acade6da9359c,DETERMINISTIC_NORMALIZATION
MFRA-6ebc8d9cb7e916466ec02e6c,MFR-a4907f00cb99ee5fb79f61ca,ACI HealthCare Limited,aci healthcare limited,SRCR-043588a20f9fa886e43698a9,DETERMINISTIC_NORMALIZATION
MFRA-6ffdff2063e449eda7ee78e6,MFR-52ef99849bc4ae54af6f3a5d,Cosmo Pharma Laboratories Ltd.,cosmo pharma laboratories limited,SRCR-18684b6e43f512ea114ea41e,DETERMINISTIC_NORMALIZATION
MFRA-71ad23c5fa1830d43f5f48de,MFR-a8db17e127f5c8c3689303cf,MST Pharma and Healthcare Ltd.,mst pharma and healthcare limited,SRCR-5b7505c77b403120bf97d5d1,DETERMINISTIC_NORMALIZATION
MFRA-72c1dce3eaac829b5dacb585,MFR-e4c70758755b2d3d17dc0f92,Pharmachemie BV,pharmachemie bv,SRCM-6b4cf7d63bb647e3e4f96e91,DETERMINISTIC_NORMALIZATION
MFRA-73077ef7932e2781b74a0dd6,MFR-d7fb2b8b0339d44edf6ddd94,Techno Drugs Ltd.,techno drugs limited,SRCM-f88ffef027863104ffba0d8c,DETERMINISTIC_NORMALIZATION
MFRA-732fdf74dffd41ffb791e84a,MFR-29e5b155c8bd40efc9fb9979,"Orion Corporation, Finland",orion corporation finland,SRCM-ba2561304940abfc5ea3acf0,DETERMINISTIC_NORMALIZATION
MFRA-7347657829db00b46daefa96,MFR-aee552eab3e055aa2dfe2bcf,Marksman Pharmaceutical Ltd.,marksman pharmaceuticals limited,SRCR-c5390346ef3180ba33ba1560,DETERMINISTIC_NORMALIZATION
MFRA-73b337679a62a837fbd256fb,MFR-b8c3e447ac92f48b98119068,Arges Life Science Ltd.,arges life science limited,SRCR-3e4225299c39db9034668f9c,DETERMINISTIC_NORMALIZATION
MFRA-7457d47e6db94b2a7d406522,MFR-96373aea55274c29499eca5e,Everest Pharmaceuticals Ltd.,everest pharmaceuticals limited,SRCR-3e18c5f985bdb925ea5fa716,DETERMINISTIC_NORMALIZATION
MFRA-75632d13e4d7ef9063de0d66,MFR-2fc92e37e1fdf48cd6c52b18,Save Pharmaceuticals Ltd.,save pharmaceuticals limited,SRCR-29333359872e7b64c85b371f,DETERMINISTIC_NORMALIZATION
MFRA-75712a566230ce12133e1ada,MFR-757607f73fcca8813597a984,Square Formulations Ltd.,square formulations limited,SRCR-b6fa1277294be0808b65992b,DETERMINISTIC_NORMALIZATION
MFRA-75ce05a9bc360da5c1d11b8d,MFR-08a3b24ffe0e4707f74a0eeb,Novartis (Bangladesh) Ltd.,novartis bangladesh limited,SRCM-2e8d8c51df7c6e1347e03632,DETERMINISTIC_NORMALIZATION
MFRA-765a7196703113803027255f,MFR-d4490809a02a11e19cfcaae2,Institute of Public Health (IPH),institute of public health iph,SRCM-3ef468003ab85fac86557b3b,DETERMINISTIC_NORMALIZATION
MFRA-76c6311074809b467bb40cc4,MFR-8a80eeb7bce350896fc1a2a7,Healthcare Pharmaceuticals Ltd.,healthcare pharmaceuticals limited,SRCM-15a976f3a3525fe3aac45290,DETERMINISTIC_NORMALIZATION
MFRA-76ccf2d3801db1d7b2714cb5,MFR-6f8490aab64e9f0cea7083bf,"JEO MED, Turkey",jeo med turkey,SRCM-0fc5d18df8e1a5f3a0759750,DETERMINISTIC_NORMALIZATION
MFRA-7967ec1b5d3bb765836519d6,MFR-8e112a508f9df97f96a8a1f4,Orion Pharma Ltd.,orion pharma limited,SRCM-dd002481a70aeed63b0d9f40,DETERMINISTIC_NORMALIZATION
MFRA-79820cbaa712b2a5cd856940,MFR-3ec12e3cfc96c542490dd12e,Purnava Limited,purnava limited,SRCM-57c13a5c5a7b4337b2bc8159,DETERMINISTIC_NORMALIZATION
MFRA-79ee5f691424338879f79615,MFR-18bc2ed029bb19fb372c5d5d,JMI Industrial Gas Ltd.,jmi industrial gas limited,SRCR-96e3591c5ba0b0897a901d3e,DETERMINISTIC_NORMALIZATION
MFRA-7c6a5920bfe6c1ce7c07a100,MFR-f0e9fe0050e6df4cac74ed81,Apollo Pharmaceutical Ltd.,apollo pharmaceuticals limited,SRCM-564c74b62adfe637226d4652,DETERMINISTIC_NORMALIZATION
MFRA-7d4bd0160cdc661d6e4d92ad,MFR-173901bdfd83d00fc55c532f,APC Pharma Ltd.,apc pharma limited,SRCM-c1ee2469ae86eb212af393c3,DETERMINISTIC_NORMALIZATION
MFRA-7e74e13055ee550da446ae22,MFR-bab5c5268731fcea72b62167,Chepla Pharm-Gmbh,chepla pharm gmbh,SRCM-de79e65f7dd0c577ac245674,DETERMINISTIC_NORMALIZATION
MFRA-7ffdc8c6ecf71c9ba97d34dd,MFR-a2080143754678dd1d0a6bd8,Pacific Pharmaceuticals Ltd.,pacific pharmaceuticals limited,SRCR-4bf1e5ad6bf2f9ad14f69f3e,DETERMINISTIC_NORMALIZATION
MFRA-80bcc5a3dcf8888500aa89da,MFR-4814442f34aee5431c02fe88,Bengal drugs Ltd.,bengal drugs limited,SRCM-13c7cd95cc4edafb14eda348,DETERMINISTIC_NORMALIZATION
MFRA-80c5fc7725493fdd2d8e9f6e,MFR-76edf77921f33e11714755b3,Beacon Pharmaceuticals Ltd.,beacon pharmaceuticals limited,SRCM-e60049f311c691f8095f178f,DETERMINISTIC_NORMALIZATION
MFRA-80ce70f9c826c501e6e26b0d,MFR-0592c73d3ce16d7db7cff37b,Seba Laboratories Ltd.,seba laboratories limited,SRCR-0eaefaf0e062b1cba7f4664f,DETERMINISTIC_NORMALIZATION
MFRA-8255648e7902776ff8a61708,MFR-e5ba194d2ffbde74d68deeb2,Piramal Enterprises Ltd.,piramal enterprises limited,SRCM-fcd73d9ea2d940d202ec0f76,DETERMINISTIC_NORMALIZATION
MFRA-828dd219a3ba2a33272b553e,MFR-1e0744b4adadfba6775fd9a4,Prime Pharmaceuticals Ltd.,prime pharmaceuticals limited,SRCR-927644719a17b9796431706b,DETERMINISTIC_NORMALIZATION
MFRA-82c510bdc0441246fbbca488,MFR-cf02fda5601906ca69115dd9,Ultra Pharma Ltd.,ultra pharma limited,SRCM-27a2f5cce06c11a85fc4ccd7,DETERMINISTIC_NORMALIZATION
MFRA-850cc90e5019df6e57251a6a,MFR-c427081e27e111de0af41e27,"Rotexmedica GmbH, Germany",rotexmedica gmbh germany,SRCM-f32b210a19cf6d666eba449b,DETERMINISTIC_NORMALIZATION
MFRA-8547d0b8608f0e540beae0ba,MFR-fdc0750932ae2bd650c5f5c8,Navana Pharmaceuticals Ltd.,navana pharmaceuticals limited,SRCR-0ff3783289c0d159f25e95bd,DETERMINISTIC_NORMALIZATION
MFRA-860f2a057eaf3606332d0275,MFR-61df421658dcdaf656266ed8,"Laboratoires Panpharma, France",laboratoires panpharma france,SRCM-d6d5488b28de11e31b4cfc01,DETERMINISTIC_NORMALIZATION
MFRA-8611a6d7dbd2d9023d7e5fe0,MFR-44394fbb3282d842823a858d,Choongwae Pharma Corporation,choongwae pharma corporation,SRCM-4d43009b4ce079aff0048407,DETERMINISTIC_NORMALIZATION
MFRA-88db0e35c02989952a2cb343,MFR-72193573a435f125063786d6,Euro Pharma Ltd.,euro pharma limited,SRCR-c23fe149704bf540e70dc9df,DETERMINISTIC_NORMALIZATION
MFRA-89627f1b859dd5d8d2ed3c84,MFR-3d7ef7bec844106badf4abc8,National Drug Company Ltd.,national drug company limited,SRCR-aa4ac078ceaf8fa48f2b1478,DETERMINISTIC_NORMALIZATION
MFRA-89b9b679b7a462f53d23b7bc,MFR-99f9ebbef37fcec54094af8f,Bristol Myers Squibb,bristol myers squibb,SRCM-54b420b25132ad815f684126,DETERMINISTIC_NORMALIZATION
MFRA-8a13596991e80b34279c0f71,MFR-3e98943e3e15814b12c90e8f,Chairon SPA,chairon spa,SRCM-63bb5b6c114f022f63af8a98,DETERMINISTIC_NORMALIZATION
MFRA-8a7e5917c644e5e69c41fa3a,MFR-841ef301477c1c9df572c4af,Adova Pharmaceuticals Ltd.,adova pharmaceuticals limited,SRCR-5cb5636cadafbdac76f8c3c3,DETERMINISTIC_NORMALIZATION
MFRA-8afc2b251ae1b8db33acc273,MFR-706a6801f83fdddcb048c645,Cosmic Pharma Ltd.,cosmic pharma limited,SRCM-7c25995127bd7a0b562c925b,DETERMINISTIC_NORMALIZATION
MFRA-8b1a8d611e447becd7a0395b,MFR-7f6857ec51f2255b0ad98f5d,Gentry Pharmaceuticals Ltd.,gentry pharmaceuticals limited,SRCR-df6f20d2eedfa110538dc3c1,DETERMINISTIC_NORMALIZATION
MFRA-8c5bf30f4cba226f03093362,MFR-306387b999ec6d3bd3308958,Bronson  Laboratories (BD) Ltd.,bronson laboratories bd limited,SRCM-6c5b5092b388c3e76d64e083,DETERMINISTIC_NORMALIZATION
MFRA-8d72c22503919457c024b77b,MFR-54aead31c54b98a8c69a6fcf,Fabrique en France,fabrique en france,SRCM-c39121fbe679b99d729ceded,DETERMINISTIC_NORMALIZATION
MFRA-8df054a2ff9fa0744fe4dbe1,MFR-9bb019b9e20745b13e34611a,Central Pharmaceutical Ltd.,central pharmaceuticals limited,SRCR-1e3ef87750e9413586fc7bde,DETERMINISTIC_NORMALIZATION
MFRA-8fef6fe752e547689961a41c,MFR-db6f5d75b3a48e3407ea2e88,Unimed Unihealth Pharmaceuticals Ltd.,unimed unihealth pharmaceuticals limited,SRCR-9e0048bf882ac8193c3657c2,DETERMINISTIC_NORMALIZATION
MFRA-8ff1ede841173a613620b2e8,MFR-91900c0432701fe26383b16b,Unique Pharmaceuticals Ltd.,unique pharmaceuticals limited,SRCM-2879831bd63f3878caceb67e,DETERMINISTIC_NORMALIZATION
MFRA-92c294b0e6e62b0ce214710a,MFR-429fd456ce43a43c211bebca,Gonoshasthaya Basic Chemical Ltd.,gonoshasthaya basic chemical limited,SRCR-82e05828cfb754d44ceefa97,DETERMINISTIC_NORMALIZATION
MFRA-92d685db9013226f6f9ed1a1,MFR-1d7ed7e2c667137b96a4db5e,Ethical Drug Ltd.,ethical drug limited,SRCM-886f907be031ab795eeada51,DETERMINISTIC_NORMALIZATION
MFRA-94e35124586fe3ef8411fbf5,MFR-b97dbf357130f738946acaeb,GlaxoSmithKline,glaxosmithkline,SRCM-3ac33987c763657c8a86265f,DETERMINISTIC_NORMALIZATION
MFRA-95ba1de5df7e305dcf32cb40,MFR-afc2ca25f8a9d990167ebb86,Doctor's Chemicals Works Ltd.,doctor s chemicals works limited,SRCR-98a52fe313a8673230505c37,DETERMINISTIC_NORMALIZATION
MFRA-95cf909ec83ccf14092fd54c,MFR-b093c2cd1ff8981a11869360,Octapharma Pharmazeutica,octapharma pharmazeutica,SRCM-970a24b171343e684e053129,DETERMINISTIC_NORMALIZATION
MFRA-963555d2fcabbd005d54a6f0,MFR-7fb5805489a0ac34b4e1bcd9,Labaid Pharma Ltd.,labaid pharma limited,SRCM-1be033f626446ec8cf1fa1c7,DETERMINISTIC_NORMALIZATION
MFRA-967d254fc3ec327d74b3ce94,MFR-ce543e6a62e02ac70ab39998,AstraZeneca pharmaceuticals,astrazeneca pharmaceuticals,SRCM-6093e0355147f37aec6597e5,DETERMINISTIC_NORMALIZATION
MFRA-96efa5effe1576cebdd160b2,MFR-5a8b10c7a437dc7413466b58,Pharma Resources,pharma resources,SRCM-a144b90665dacb6d00c946c0,DETERMINISTIC_NORMALIZATION
MFRA-9813f8053bff31d912c31339,MFR-d67f1775502ecfbfd17e25bd,Rephco Pharmaceuticals Ltd.,rephco pharmaceuticals limited,SRCR-5003390357156f950128de31,DETERMINISTIC_NORMALIZATION
MFRA-981ff0ee34db1de67d79293f,MFR-4a0b1fc6fe90393ebe7c933f,UNIDO Pharmaceuticals Ltd.,unido pharmaceuticals limited,SRCR-5f358f43e4a257761c4ac764,DETERMINISTIC_NORMALIZATION
MFRA-98b9c492a0dfb568a65b59aa,MFR-4c565d52a474654b56e219f2,"Laboratorio Varifarma, Argentina",laboratorio varifarma argentina,SRCM-310bc8de52de1ec90400b5ed,DETERMINISTIC_NORMALIZATION
MFRA-9a94917e4be614ade463c90d,MFR-fc6739ebc770a2eefe14a782,Doctor’s Chemical Works Ltd.,doctor s chemical works limited,SRCM-736e7fa4983d6e3800fd5c6a,DETERMINISTIC_NORMALIZATION
MFRA-9d47c72e7832ae3063924000,MFR-9c5d2215f7ad99c7ead6f064,Supreme Pharmaceutical Ltd.,supreme pharmaceuticals limited,SRCM-841a15bc204e853effdd4825,DETERMINISTIC_NORMALIZATION
MFRA-9de20cd2b5473626bb865e29,MFR-292d72f9f7f1c7a2cdce3deb,JP Pharmaceuticals (Veterinary),jp pharmaceuticals veterinary,SRCR-80bd053381dceee617d3c8da,DETERMINISTIC_NORMALIZATION
MFRA-9df1c73063841547df63768b,MFR-cf06baf106a0aa7cc0079a45,Amulet Pharmaceuticals Ltd.,amulet pharmaceuticals limited,SRCR-e521c0bd25596dadabe2d233,DETERMINISTIC_NORMALIZATION
MFRA-9f7f47af6017986680d80b8b,MFR-e689d01b9c723c1518675d97,Alpha Therapeutic Corporation,alpha therapeutic corporation,SRCM-cf942f51a480457c5988a3cb,DETERMINISTIC_NORMALIZATION
MFRA-a15d7cbc249b3f1ed7252bb6,MFR-2bb7a3a4590220218f13de6b,Pharmasia Limited,pharmasia limited,SRCM-614a2a8fee3e5122ef3474ca,DETERMINISTIC_NORMALIZATION
MFRA-a192d120d72e0226635019c6,MFR-01fa24bba5b34973451aab08,Union Oxygen Limited,union oxygen limited,SRCR-0e8cf69e02c8c7dbd0c4653f,DETERMINISTIC_NORMALIZATION
MFRA-a19ccd337f6fdbe3cbc96119,MFR-ea1f2fab4453857dc92fdcfc,National Laboratories Ltd.,national laboratories limited,SRCR-efe9fd5d9d7bddfec19fd5a0,DETERMINISTIC_NORMALIZATION
MFRA-a208be4921d0efb50e8f4fcc,MFR-3569e22951958a9b7a9c33ea,Johnson & Johnson,johnson johnson,SRCM-de541925c94e6e4aa4156995,DETERMINISTIC_NORMALIZATION
MFRA-a2cd4a76a2c7a97b6fa3dc92,MFR-aeef6e8d59b5bc22c68738b0,The ACME Laboratories Ltd.,the acme laboratories limited,SRCR-e8ca99602857fd6e14d3c68a,DETERMINISTIC_NORMALIZATION
MFRA-a2f7db97bad05067b192e75c,MFR-dc97c7970e1777f70a6239c2,Stiefel Laboratories Ltd.,stiefel laboratories limited,SRCM-5a602dee7b91c94cbc89f2db,DETERMINISTIC_NORMALIZATION
MFRA-a60775691aa260f6750b3b31,MFR-9edd81986f1fecf4c9e13548,Apex Pharmaceuticals Ltd.,apex pharmaceuticals limited,SRCM-8aee4deb1cbef165aadab24b,DETERMINISTIC_NORMALIZATION
MFRA-a64b06b6acd0097ab0bb33c2,MFR-0fec47648d39c7b22ddea227,"Sonargaon Steel Fabricate Ltd., (Oxygen Plant)",sonargaon steel fabricate limited oxygen plant,SRCR-94fd5d56a1e0782b5a8088b3,DETERMINISTIC_NORMALIZATION
MFRA-a6dd73a5ad1d04276cfcccb9,MFR-c87720848a5939fbf1df7b4e,Orbit Pharmaceuticals Ltd.,orbit pharmaceuticals limited,SRCM-2efa4b3b0150647fe49adaea,DETERMINISTIC_NORMALIZATION
MFRA-a6ed1d4e792d2fa2f280a341,MFR-f98e8a6ab0edc1bd36f98100,MST Pharma,mst pharma,SRCM-c4ec6ba0566d37877feb697a,DETERMINISTIC_NORMALIZATION
MFRA-a7c1a5ce2d063565dc893366,MFR-fe33596b41ffd896f7a2c45e,Somatec Pharmaceuticals Ltd.,somatec pharmaceuticals limited,SRCR-c5329e8d7767939c47928c24,DETERMINISTIC_NORMALIZATION
MFRA-a8137e325d0faaadeeeb8262,MFR-04c6dacb25ef53f55c210331,Opsonin Bulk Drugs Ltd.,opsonin bulk drugs limited,SRCR-8efc86eedde2f508563f7d59,DETERMINISTIC_NORMALIZATION
MFRA-a88369eba67fba8f89577415,MFR-b797a96b05587c2c0ef4e040,DBL Pharmaceuticals Limited,dbl pharmaceuticals limited,SRCR-1d25ebb90ce88b3e79c48a22,DETERMINISTIC_NORMALIZATION
MFRA-a8fc4bf0c8cbc6afefc01a63,MFR-e7fd4ef9e9bfa02a8b0fba38,Army Pharma Limited,army pharma limited,SRCR-5b924c724a53be968384f2d3,DETERMINISTIC_NORMALIZATION
MFRA-a93b7a5103c273fae2557f3d,MFR-e880ff490d00d7ec22eadea1,JR Pharmaceuticals Ltd.,jr pharmaceuticals limited,SRCR-2b0bc23947482ec30350c112,DETERMINISTIC_NORMALIZATION
MFRA-a95a4a2b0d635b523cca8eb5,MFR-d1ff80e9e850f4e010792680,"Hamlen Pharmaceuticals, Germany",hamlen pharmaceuticals germany,SRCM-c6a72ba0037fde8c1a46c1ac,DETERMINISTIC_NORMALIZATION
MFRA-aa61b95f3f4fe2446f9da1fd,MFR-e397571835e96de1aace1875,"Aristopharma Limited, Gazipur",aristopharma limited gazipur,SRCR-2c798b3fb7b51da019b13a26,DETERMINISTIC_NORMALIZATION
MFRA-ab3faf66f3abba7a9e09f33d,MFR-b8a070f52b2e7e31eb6d2d3d,Boehringer Ingelheim,boehringer ingelheim,SRCM-58142b3b53a85c83363d18e4,DETERMINISTIC_NORMALIZATION
MFRA-ac9549e331bf37e7376165fe,MFR-fc96e09199af54793709840a,Biopharma Laboratories Ltd.,biopharma laboratories limited,SRCM-bc72092f4c39e45ac5bffa1c,DETERMINISTIC_NORMALIZATION
MFRA-acfcd0eb6fe878aa321218a0,MFR-678ba169e82316b23d4683f9,Renata Limited,renata limited,SRCM-adc41d835393d522e016cff4,DETERMINISTIC_NORMALIZATION
MFRA-ad2b93935013b3cb1f7e406f,MFR-12f08b8d473eecd6abfa9724,NIPRO JMI Company Ltd.,nipro jmi company limited,SRCR-d816ad08192f89aec79d36b1,DETERMINISTIC_NORMALIZATION
MFRA-ad5691ca246359016380c9a7,MFR-f0bc605f13517477df8cbb9b,Avarox Pharmaceuticals Ltd.,avarox pharmaceuticals limited,SRCR-da2031b261310fdf00bdc35e,DETERMINISTIC_NORMALIZATION
MFRA-ad64ec02876fecd975828d28,MFR-3dd78789266234fd0528f581,"MSF Pharmaceuticals Ltd.,",msf pharmaceuticals limited,SRCR-ff5589a2d93d6b6af4710cc6,DETERMINISTIC_NORMALIZATION
MFRA-ade91d463cbb161740758af4,MFR-569744f6583c3396ffdaf898,Grifols Biologicals LLC,grifols biologicals llc,SRCM-48e544f513e49be1d2e37754,DETERMINISTIC_NORMALIZATION
MFRA-ae03c593e8528264f4c84b33,MFR-84345d264f4fa4a2f350ece2,Rangs Pharmaceuticals Ltd.,rangs pharmaceuticals limited,SRCM-fa9e5b0499adcfd25b869030,DETERMINISTIC_NORMALIZATION
MFRA-ae3e06f9cdc712b275dea1ea,MFR-d09fe51497609427df0ee642,Pristine Chem Limited,pristine chem limited,SRCR-3430fd32fe10e3388c519fd5,DETERMINISTIC_NORMALIZATION
MFRA-ae977f93642c818ef3429135,MFR-4e1ea4496b519a032eafaa12,Pristine Pharmaceuticals,pristine pharmaceuticals,SRCR-533e9e689c8fd3f32b828a0b,DETERMINISTIC_NORMALIZATION
MFRA-aecd074952c47050df468b85,MFR-64470d3fc4eb65d6af916514,Popular Pharmaceuticals PLC,popular pharmaceuticals plc,SRCR-366532e1629a49d8e2baf95e,DETERMINISTIC_NORMALIZATION
MFRA-b02ba61cca6a68d464350a39,MFR-b797a96b05587c2c0ef4e040,DBL Pharmaceuticals Ltd.,dbl pharmaceuticals limited,SRCM-43e21b69b9a8e6dfb73688b6,DETERMINISTIC_NORMALIZATION
MFRA-b157b7e3f6a6af494fd92a6c,MFR-5b767d1dcd54c79160549a57,"Spectra International Ltd.,",spectra international limited,SRCR-3b2c810042d9b8400d7831e9,DETERMINISTIC_NORMALIZATION
MFRA-b1f0cbbe686e8ad4fc1f8884,MFR-4835fea243f598462f6c6493,SMC Enterprise Limited,smc enterprise limited,SRCR-e9383bc63f38ecd817d54c0e,DETERMINISTIC_NORMALIZATION
MFRA-b22a85bec784bd1eda6efe28,MFR-32786a3f401438b70565fa49,EMCS Pharma Limited,emcs pharma limited,SRCR-7646196a2bc682424f6bbb51,DETERMINISTIC_NORMALIZATION
MFRA-b2358298778760a98e61b247,MFR-0952d243d81c3e395d038cc1,EGIS Pharmaceuticals Ltd.,egis pharmaceuticals limited,SRCM-c211762b0688ca7fb6864dbb,DETERMINISTIC_NORMALIZATION
MFRA-b251c7840a98756350be948a,MFR-52cff5abaedc2f6928d00971,Chemist Laboratories Ltd.,chemist laboratories limited,SRCR-19fa72fd8a2646c7617b5464,DETERMINISTIC_NORMALIZATION
MFRA-b27f48c2b35dea7169f2610a,MFR-9eff89e784c2d2e979ec6983,Servier Bangladesh Operation,servier bangladesh operation,SRCM-bfdd9a0ed4c8ef895390083c,DETERMINISTIC_NORMALIZATION
MFRA-b4062656cc788a2786fd1a76,MFR-4311ceeba70e860fb4fc8f3e,Synovia Pharma PLC.,synovia pharma plc,SRCR-ef0ce61aed52d31a30d85411,DETERMINISTIC_NORMALIZATION
MFRA-b51f07e0ba224f4359d259b8,MFR-050a5a129d528beb55fba768,Baxter,baxter,SRCM-a7ce2caa1b2d80af3cf8b1a7,DETERMINISTIC_NORMALIZATION
MFRA-b66be074b9f74196fcca4720,MFR-c58d1865c02fdba433d99ddc,Radiant Pharmaceuticals Ltd.,radiant pharmaceuticals limited,SRCR-fdef278342f314539b3900b6,DETERMINISTIC_NORMALIZATION
MFRA-b7e4d5bc489c9e7ab42045a2,MFR-96eabb15954fac33f2d77ade,Syntho Laboratories Ltd.,syntho laboratories limited,SRCM-6a567ec80192c81cc23ce339,DETERMINISTIC_NORMALIZATION
MFRA-b90b43f2de87bca33e7e341a,MFR-c467ab7da1372523292f7907,Delta Pharma Ltd.,delta pharma limited,SRCM-d28d17cb98d46e7fcf5c68af,DETERMINISTIC_NORMALIZATION
MFRA-b9df539af0289f04a18c41ff,MFR-27cdf164cb1c8979d30d6839,United Chemicals & Pharmaceuticals Ltd.,united chemicals pharmaceuticals limited,SRCR-ea84a262af4ff2adddc1495c,DETERMINISTIC_NORMALIZATION
MFRA-bb7a5ebf2d7a7b5b770cc00b,MFR-9db6c51f757a0d1be59003a3,RN Pharmaceuticals,rn pharmaceuticals,SRCM-fa70089507d2d759da54fdbf,DETERMINISTIC_NORMALIZATION
MFRA-bda867b4593bac05c629c3c8,MFR-db32c920f3542090d7dee81a,Globe Pharmaceuticals Ltd.,globe pharmaceuticals limited,SRCM-d3dc86a119b303d62b8ea31d,DETERMINISTIC_NORMALIZATION
MFRA-bec38a9255f2df028c0f4cd7,MFR-a6e8d05916608e842d95aeeb,Centeon Pharma Ltd.,centeon pharma limited,SRCM-324b362de9d4581a4d6080b7,DETERMINISTIC_NORMALIZATION
MFRA-bf6debd4cd30c81e2905777d,MFR-6c95be19e9e30360b095cfd0,Global Capsules Ltd.,global capsules limited,SRCR-f24b049368101a0992791b28,DETERMINISTIC_NORMALIZATION
MFRA-c03ade898f4c3c01f03ce8f5,MFR-390dbf28b2813831ab018345,Bristol Pharma Ltd.,bristol pharma limited,SRCR-a9a52ecdb4880a67d9149e2a,DETERMINISTIC_NORMALIZATION
MFRA-c045e76300545ec6188fac7b,MFR-092956826f84a45e4585ed09,Bridge Pharmaceuticals Ltd.,bridge pharmaceuticals limited,SRCR-aed87f080ac90ec70d9f2341,DETERMINISTIC_NORMALIZATION
MFRA-c0afc154729b15b3416279c9,MFR-d004eb76e8ac1394383d611e,ACI Limited,aci limited,SRCM-0602b4edbd929f9e934f2b77,DETERMINISTIC_NORMALIZATION
MFRA-c0ecfd596971e99adbaf7a2d,MFR-232615453dccdb21855d3a47,Novo Healthcare and Pharma Ltd.,novo healthcare and pharma limited,SRCR-fd2cbbf6f1ad0801e5f4505b,DETERMINISTIC_NORMALIZATION
MFRA-c2c48632588aa84e49008db9,MFR-2bb7a3a4590220218f13de6b,Pharmasia Ltd.,pharmasia limited,SRCR-4e05a8a6debdedbda2969e8e,DETERMINISTIC_NORMALIZATION
MFRA-c539439865c1b33ab1a77652,MFR-b55389328e0a1ffa10d78e10,Maks Drugs Ltd.,maks drugs limited,SRCR-6094dfad7282cd911e814f78,DETERMINISTIC_NORMALIZATION
MFRA-c79757fd87ac8b1b64c21cc4,MFR-e6e4a62aaa79d9d1c56c97ad,Reckitt & Benckiser Ltd.,reckitt benckiser limited,SRCM-fc4a165cb35506b0cfc293ed,DETERMINISTIC_NORMALIZATION
MFRA-c919c847e5f69cdb73967aef,MFR-9efd0f01d06bb0a908960b11,"Peertop Pharmaceuticals Ltd.,",peertop pharmaceuticals limited,SRCR-ccacff61f2277288bc28ec51,DETERMINISTIC_NORMALIZATION
MFRA-c933a9ed85cd68a4b777235a,MFR-bc4bfc02a34da40bd9dea46c,"Allergan, Inc.",allergan inc,SRCM-9cd5b9d4166afaff9c9354ab,DETERMINISTIC_NORMALIZATION
MFRA-cd3b85f01ff1c82aa956e910,MFR-1e1178b490877e9e31c745c6,Total Natural Company,total natural company,SRCM-5b7cf7b050fe455882511ac8,DETERMINISTIC_NORMALIZATION
MFRA-cd5af753753145ec2897d3ab,MFR-3014fa04fb77e74b90040186,"Square Pharmaceuticals PLC, Pabna",square pharmaceuticals plc pabna,SRCR-76cb4995d982207e2b6fcf66,DETERMINISTIC_NORMALIZATION
MFRA-ce3d29e393a3319d9eb0186a,MFR-99a287dcd460efd42339952a,Orion Infusion Ltd.,orion infusion limited,SRCM-ead73993ebab06af6d7c5f0a,DETERMINISTIC_NORMALIZATION
MFRA-ce5d4e8f5ab23ae9d43eaa64,MFR-1e88ee79b7014109ef0f70f8,"Techno Drugs Ltd., Gazipur",techno drugs limited gazipur,SRCR-79246596dfa0b40d62dfd0fd,DETERMINISTIC_NORMALIZATION
MFRA-ce6bfa11a82de8f80884dfb9,MFR-24321f8637a534bc739a3d56,Eon Pharmaceuticals Ltd.,eon pharmaceuticals limited,SRCR-e6b354b36f7b2539cf878738,DETERMINISTIC_NORMALIZATION
MFRA-cf66c92231b65206386f736d,MFR-83d0089d94d8fe48f8955292,Astra Biopharmaceuticals Ltd.,astra biopharmaceuticals limited,SRCR-7903751c7f4ce80a665afbad,DETERMINISTIC_NORMALIZATION
MFRA-cfe779ae5606c08f629fe46e,MFR-e21a1d853b20259c58b764c7,Zhaofeng Gelating Limited,zhaofeng gelating limited,SRCR-d8130bc16df3bc00c39b4902,DETERMINISTIC_NORMALIZATION
MFRA-d0f86a5217cd317d12a7d255,MFR-379a39e1b1546e288852ca73,Apex Pharma Ltd.,apex pharma limited,SRCR-a8e23c1e392b440fec86f569,DETERMINISTIC_NORMALIZATION
MFRA-d21b9a6c54c1b200bd12b799,MFR-9be8eea8e32bcd8e59ffcc14,Ambee Pharmaceuticals Ltd.,ambee pharmaceuticals limited,SRCM-29c18c739eedefe588db3b57,DETERMINISTIC_NORMALIZATION
MFRA-d42682ba25948195761e2d93,MFR-b57058a718484e9c9fa01473,Remo Chemical Ltd.,remo chemical limited,SRCR-74d51ae9c51e62683f2f060d,DETERMINISTIC_NORMALIZATION
MFRA-d5232cbf0496840f1da1a301,MFR-5b41138fb75b1ddfdf298734,River Pharma,river pharma,SRCM-39e8d07f7afbb9765d348a82,DETERMINISTIC_NORMALIZATION
MFRA-d54f6208011745c012e1b0b4,MFR-65c82d34e7e6758e8e5371c9,Novelta Bestway Pharma Ltd.,novelta bestway pharma limited,SRCM-981c2fac9df28145fc7367df,DETERMINISTIC_NORMALIZATION
MFRA-d5d665018ea5f97e1fc83abc,MFR-b5547d866469f9a683f9b774,Alkad Laboratories,alkad laboratories,SRCM-bad4bbb0982bf97ffa6bf8a4,DETERMINISTIC_NORMALIZATION
MFRA-d79b8b42474b5f5b5b26aa73,MFR-e39a0f288ae82ecfd4f65b7b,ADM Protexin Ltd,adm protexin limited,SRCM-a8a4612c81d5a3e220d64122,DETERMINISTIC_NORMALIZATION
MFRA-d96ebb06ab2bb44802b0f5fb,MFR-1efa17cf2f80edb7d68b34a6,"Hexal AG, Germany",hexal ag germany,SRCM-4f3d17c5cd6f32c18cfa9591,DETERMINISTIC_NORMALIZATION
MFRA-dc127973108dc43da49a51e7,MFR-0c2b07237115e18e42f566c0,Alco Pharma Ltd.,alco pharma limited,SRCM-35b43d867f176f291bb215bd,DETERMINISTIC_NORMALIZATION
MFRA-dc3d1204832f1ee7d1934243,MFR-1d47211f7fa65ad3e7440b29,Pharmatek Chemicals Ltd.,pharmatek chemicals limited,SRCR-f0036ddfff35488ba671cacc,DETERMINISTIC_NORMALIZATION
MFRA-dc92c13d2ddfd56bf15a9815,MFR-8bd797f4df6f302f4c3b75db,Vion Pharmaceuticals (Veterinary),vion pharmaceuticals veterinary,SRCR-991e79145e98dca9714c6bfe,DETERMINISTIC_NORMALIZATION
MFRA-dd7d0b55819ccecc2ca5c6b8,MFR-8ed26e01c58e2c95d02b4042,"General Pharmaceuticals Ltd, Unit-2",general pharmaceuticals limited unit 2,SRCR-892607a88bb86265aee02b76,DETERMINISTIC_NORMALIZATION
MFRA-dda7d02eaffda7cbcfec77e1,MFR-90deffedc997b23aec718cd6,"Purbadesh Chemists Ltd.,",purbadesh chemists limited,SRCR-745d0c15068000063f57570f,DETERMINISTIC_NORMALIZATION
MFRA-de35d0c76de21fba15113637,MFR-4a27329a574c3063e096ac3e,"Kedrion Biopharma, Italy",kedrion biopharma italy,SRCM-c3f4b084b35b8f9fed181585,DETERMINISTIC_NORMALIZATION
MFRA-defa251ca1fc45f5a7fd1705,MFR-4311ceeba70e860fb4fc8f3e,Synovia pharma plc,synovia pharma plc,SRCM-025a652ffac958ebad81ab9f,DETERMINISTIC_NORMALIZATION
MFRA-df357303752bc9ebe9be4b36,MFR-963561e9b51b0be45bcb6ff3,"Techno Drugs Ltd., BSCIC I/A, Narshingdi",techno drugs limited bscic i a narshingdi,SRCR-752f78eb9840acd10631392a,DETERMINISTIC_NORMALIZATION
MFRA-e0148c688a3dfd00accd9a6a,MFR-fbcfeb1a1bfac01a4f47726d,Eli Lilly and Company,eli lilly and company,SRCM-035b1c1d0e3de3355f1fa5c8,DETERMINISTIC_NORMALIZATION
MFRA-e025626024c0dacae7ee6022,MFR-431f073a41c807593cc20a27,Libra Pharmaceuticls Ltd.,libra pharmaceuticls limited,SRCM-9748287e512a534ef37db5af,DETERMINISTIC_NORMALIZATION
MFRA-e13dc0aa74c39413b6d02700,MFR-e09906650908b9bf40dd309a,Novatek Pharmaceuticals Ltd.,novatek pharmaceuticals limited,SRCR-62fcee5da1481782c4069275,DETERMINISTIC_NORMALIZATION
MFRA-e16a76ab8fd55bcc6b85700c,MFR-74a2eaf7a984d097716febc9,Lundbeck Pharmaceuticals Ltd.,lundbeck pharmaceuticals limited,SRCM-03266930b6ffb8b4c2358b3c,DETERMINISTIC_NORMALIZATION
MFRA-e1a1ef0b8bbbb4b4c02f1010,MFR-e45ced0a8bc648cd74d999c2,MERZ Pharma GmbH & Co.,merz pharma gmbh co,SRCM-c1e03b053b317ff9e3f09985,DETERMINISTIC_NORMALIZATION
MFRA-e236f321a9c9e5209c048ca4,MFR-84a8b69660876daf9d79139c,"Piramal Critical Care, USA",piramal critical care usa,SRCM-89d859f07da56819b692aa91,DETERMINISTIC_NORMALIZATION
MFRA-e28b002595d4249e349d12d7,MFR-dc5442a50c054bd3981fddcd,"Sun Pharmaceuticals (EZ) Ltd., Narayanganj",sun pharmaceuticals ez limited narayanganj,SRCR-83c623fab584702576883710,DETERMINISTIC_NORMALIZATION
MFRA-e2c0fb85a704471a612b3ca1,MFR-9e3ca6c6a8e5c134ae832d92,Advanced Chemical Industries Limited,advanced chemical industries limited,SRCR-3a07bd021097a7b6843c5ca9,DETERMINISTIC_NORMALIZATION
MFRA-e2fd671ff30a2bafe124e3e3,MFR-d652436994d3f6ae68b724b1,Advent Pharma Ltd.,advent pharma limited,SRCR-5eb0b21f1b2ba3eb9205c7c1,DETERMINISTIC_NORMALIZATION
MFRA-e3a50f25f55721044952c55c,MFR-470e1a9464e1a5eb27e31f11,United Pharmaceuticals Ltd.,united pharmaceuticals limited,SRCM-a43e071775f9d2a929fd5e4e,DETERMINISTIC_NORMALIZATION
MFRA-e52312887916d13f1b20aff9,MFR-723bfd0875ea733dea29f053,AqVida GmbH,aqvida gmbh,SRCM-01b483618096437e917af1ad,DETERMINISTIC_NORMALIZATION
MFRA-e707da17f31edcf49b61e48b,MFR-8771a47677b6e3c65037869e,Doctor TIMS Pharmaceuticals Ltd.,doctor tims pharmaceuticals limited,SRCM-08463aca148a5a9ff1a92e41,DETERMINISTIC_NORMALIZATION
MFRA-e74b122e58c70d53703f0c01,MFR-a2aea5da1f075fe6d1b827d1,"Physic Pharmaceuticals Ltd.,",physic pharmaceuticals limited,SRCR-c4db9d1572d30686cbbcaf7a,DETERMINISTIC_NORMALIZATION
MFRA-e76708785ed40c32e9e8d937,MFR-3ce0f08b35799d4a758e6328,Linde Bangladesh Limited,linde bangladesh limited,SRCR-a80e4b78a7d581fe474f8ac2,DETERMINISTIC_NORMALIZATION
MFRA-e783c255b30fa2f28bb6f72b,MFR-55edd0afe31f19d877b4c5b7,Dabur India Limited,dabur india limited,SRCM-77f103f47c0517f3822060b1,DETERMINISTIC_NORMALIZATION
MFRA-e7a7c88bde68e011dbcfa6a7,MFR-4defe91ca81a921dbffaea92,Roche Bangladesh Ltd.,roche bangladesh limited,SRCM-5186528177e94158b3e3fb3a,DETERMINISTIC_NORMALIZATION
MFRA-e7b569a6640748a7fb99f2a6,MFR-007af40e83f8b5d7dfb26928,One Pharma Ltd.,one pharma limited,SRCR-ac9893e3cf40ad6fc775edf4,DETERMINISTIC_NORMALIZATION
MFRA-e7de3b3c22a33963bd00b431,MFR-45f1e639de8eeae4e7180d44,"Gedeon Richter, Hungary",gedeon richter hungary,SRCM-241ab41e21d99d7931333dd4,DETERMINISTIC_NORMALIZATION
MFRA-e804fe4c229de33a6be2f990,MFR-4b1dcb5123204fa69d6c382d,MedRx Life Science Ltd.,medrx life science limited,SRCM-98d96f595d2d58ab66a3e82a,DETERMINISTIC_NORMALIZATION
MFRA-e909b0598ebaecda2c4195e9,MFR-1e72de9c08d861a77a5d7bda,Medicon Pharmaceuticals Ltd.,medicon pharmaceuticals limited,SRCR-b657ec22d0b325bfd8888818,DETERMINISTIC_NORMALIZATION
MFRA-e93b0e7dfdba643b79f6ff58,MFR-7daf8cbb6d3dbbf4273a8714,Marker Pharma Ltd.,marker pharma limited,SRCM-42599c839a5cfcee71aa7833,DETERMINISTIC_NORMALIZATION
MFRA-e9f09f6f5937b8aa67a757d1,MFR-49ffc7bced43b4685b089c3e,The White Horse Pharma,the white horse pharma,SRCM-bdf8ab4beb8401f3bbaca161,DETERMINISTIC_NORMALIZATION
MFRA-ea04024e1b43cd2969d9f82f,MFR-31b9323517ed7b27833b56ea,Square Pharmaceuticals Ltd.,square pharmaceuticals limited,SRCM-f1c817116e884736c8528718,DETERMINISTIC_NORMALIZATION
MFRA-ea15420d85e112dffd27ef67,MFR-c467ab7da1372523292f7907,Delta Pharma Limited,delta pharma limited,SRCR-c62c390e941486dbacea3407,DETERMINISTIC_NORMALIZATION
MFRA-ea18aa5aca565891233d6fc2,MFR-8469c1433ba5dbe6b6afbd67,Peoples Pharma Ltd.,peoples pharma limited,SRCM-61a521e8bfaad0140bf03836,DETERMINISTIC_NORMALIZATION
MFRA-eac95de66d992f7d2314b6e6,MFR-3e90c27d9474e2d8c3e4036e,Reliance Pharmaceuticals Ltd.,reliance pharmaceuticals limited,SRCR-dd58ab2c89af9f76d5fdc1bf,DETERMINISTIC_NORMALIZATION
MFRA-eb161607d141bd95f62f91aa,MFR-e2016d5e4b436518433dcd20,Fresenius Kabi,fresenius kabi,SRCM-b19d1174119e2533de3edbd9,DETERMINISTIC_NORMALIZATION
MFRA-eb2e98ca2edae16539e923f0,MFR-391e056ddc7c791ca5a65a2d,Sun Pharmaceutical Ltd.,sun pharmaceuticals limited,SRCM-ab0c2419d0f2e9589f11e75f,DETERMINISTIC_NORMALIZATION
MFRA-eb500a4e80c09e7847be4f30,MFR-f6d1a1d3b3b97e9f96c6059e,Promixco Pharmaceutical Ltd.,promixco pharmaceuticals limited,SRCR-f70923f75d8c9eb52b2ac21b,DETERMINISTIC_NORMALIZATION
MFRA-ecd6b517c3ca2d0085769d43,MFR-98fca54a0e878e7f1f24f3d8,Opsonin Pharma Ltd.,opsonin pharma limited,SRCM-feca6a6a032a8889b9204b5b,DETERMINISTIC_NORMALIZATION
MFRA-ed431d64f5755b87e9809299,MFR-8ba4f83bba5d81da664e3030,ZAS Corporation,zas corporation,SRCM-7cbb9a27886fe14022c73c43,DETERMINISTIC_NORMALIZATION
MFRA-ee716e6da2100e5f2321bd79,MFR-75f86e5e3df1a27c741eb8e2,HLL Lifecare Limited,hll lifecare limited,SRCM-22aa8860d339f909166a103a,DETERMINISTIC_NORMALIZATION
MFRA-ee7a78fbe95a9a7cbe472d57,MFR-69db4a2eb1ef8ff1a9f3bfe6,Nuvista Pharma Ltd.,nuvista pharma limited,SRCM-29d977675709cee0d63d4840,DETERMINISTIC_NORMALIZATION
MFRA-eef69cf3e66dd48a9851e0e1,MFR-ea14f4e237c8357a5f8d3f2e,Hamdard Bangladesh,hamdard bangladesh,SRCM-b15b631c855eb160e69b3a5a,DETERMINISTIC_NORMALIZATION
MFRA-ef15cf6b2781b19e2e3a936a,MFR-a6b70a8a5074fc12ed70d61d,Nicholas,nicholas,SRCM-43848030854a202f3a01c260,DETERMINISTIC_NORMALIZATION
MFRA-f02c22b882f36d0d25bb3009,MFR-d7a18b154d2d3a06d9eefc1d,Gaco Pharmaceuticals Ltd.,gaco pharmaceuticals limited,SRCM-7ebb293ef8ca5d194655b25c,DETERMINISTIC_NORMALIZATION
MFRA-f1a60d8aefe827a1a31d2afc,MFR-041a2a725a2a7edcab9a408b,Asiatic Laboratories Ltd.,asiatic laboratories limited,SRCR-cdb41fd03d1da9fdaea372c8,DETERMINISTIC_NORMALIZATION
MFRA-f1feef51ddc74d45275fd90b,MFR-e403dfeb714526a34f18895b,Ad-din Pharmaceuticals Ltd.,ad din pharmaceuticals limited,SRCR-cbb0c51d9252b205bb321036,DETERMINISTIC_NORMALIZATION
MFRA-f2f6c0465a9097fed6db9e3f,MFR-fbed18011565537590c40baa,Indo-Bangla Pharmaceuticals Ltd.,indo bangla pharmaceuticals limited,SRCR-31e8740549f40f758ed4c91e,DETERMINISTIC_NORMALIZATION
MFRA-f34e08042b674ab0ec23006c,MFR-2888aca8f83317cae509571e,Globex Pharmaceuticals Ltd.,globex pharmaceuticals limited,SRCR-71ca89287af0114966f8a778,DETERMINISTIC_NORMALIZATION
MFRA-f3c1210732391f02e811c14e,MFR-b32181b393a70d40dd59af69,"Eskayef Pharmaceuticals Ltd. Chandana, Gazipur",eskayef pharmaceuticals limited chandana gazipur,SRCR-6b1bd45843da8039082f580b,DETERMINISTIC_NORMALIZATION
MFRA-f473d597c593b3884f718309,MFR-c03589a94f86c24f81aeceb7,G. A. Company Ltd.,g a company limited,SRCR-60f4ec89bef564b7e37186b3,DETERMINISTIC_NORMALIZATION
MFRA-f52a75ff245b920b162eba32,MFR-09a1ad487a4c48965b5e6263,Radiant Nutraceuticals Ltd.,radiant nutraceuticals limited,SRCM-72de459b6a71f6967f18f5d9,DETERMINISTIC_NORMALIZATION
MFRA-f568c3b8a80f193f88dbf0c6,MFR-83faf2910f5b1ee25e653c79,Royal Pharmaceuticals Ltd.,royal pharmaceuticals limited,SRCR-37285e9aaa1c14ee8323bd54,DETERMINISTIC_NORMALIZATION
MFRA-f6b09f2399e423ba4269e60d,MFR-2979c20015c27881bfe265e4,Organic Health Care Ltd.,organic health care limited,SRCM-0a40de67014d11b58598c5e1,DETERMINISTIC_NORMALIZATION
MFRA-f97f658e44cea9432e88ff2d,MFR-2e1320cbd0155b3302d91026,Eisai Pharmaceutical company,eisai pharmaceuticals company,SRCM-81591d6e6b530d86fadf121e,DETERMINISTIC_NORMALIZATION
MFRA-f9d20d1f07d46aad4cc828c9,MFR-695a2007ffbed9de5e7f2b9e,Genvio Pharma Ltd.,genvio pharma limited,SRCR-d4d3a4d4fa15d869125d872c,DETERMINISTIC_NORMALIZATION
MFRA-f9ec1abb312e3733149695ba,MFR-9567e7a480bcc0972ad8772d,Silco Pharmaceuticlas Ltd.,silco pharmaceuticlas limited,SRCR-0514d62e00847bd870f03f17,DETERMINISTIC_NORMALIZATION
MFRA-fb56c9bf0434cd93f17164f9,MFR-e47afd04338c5fb404099200,Bengal Remedies Ltd.,bengal remedies limited,SRCR-58772d67cc3dd1d97c90223b,DETERMINISTIC_NORMALIZATION
MFRA-fc7f5b63e64e57bf5dbd2a2b,MFR-250fbac98d7966a6f09fca1a,Oyster Pharmaceuticals Ltd.,oyster pharmaceuticals limited,SRCM-726ea7e8a66aa90ca9efe04d,DETERMINISTIC_NORMALIZATION
MFRA-fef9d34c9da9b8017131589e,MFR-649493842f827a1c70398b5b,"C.B. Fleet Company, USA",c b fleet company usa,SRCM-b3075d30408b726c0a34f19f,DETERMINISTIC_NORMALIZATION
MFRA-ff7f35a54b1fc6e55dd6e69f,MFR-feef23d2a2ab765f9e560369,Ibn Sina Pharmaceutical Ind. Ltd.,ibn sina pharmaceuticals ind limited,SRCR-ea5e1e5322e8ff22de3ee084,DETERMINISTIC_NORMALIZATION
MFRA-ff90f6b477c26ffc09af54fb,MFR-9c5d2215f7ad99c7ead6f064,Supreme Pharmaceuticals Ltd.,supreme pharmaceuticals limited,SRCR-222e083534a6b0705c80012d,DETERMINISTIC_NORMALIZATION
MFRA-ff9b65f00357398faa264ae9,MFR-06057df352d5223af7cac507,Amico Laboratories Ltd.,amico laboratories limited,SRCM-15ea13d94b3f10546c7fafdf,DETERMINISTIC_NORMALIZATION
MFRA-ffce582aad184eb5f299d119,MFR-a5274138349c5ea066fabd97,Spectra Oxygen Limited,spectra oxygen limited,SRCR-9b641793b85637d10bef3f6d,DETERMINISTIC_NORMALIZATION
MFRA-ffdf8fa0b45de9e86bece6a1,MFR-b8c3e447ac92f48b98119068,Arges Life Science Limited,arges life science limited,SRCM-c6875b4788a652549c11214e,DETERMINISTIC_NORMALIZATION
